ROST,ROST cumu_ret,ROST investment,OKE,OKE cumu_ret,OKE investment,BIIB,BIIB cumu_ret,BIIB investment,GLD,GLD cumu_ret,GLD investment,Fund Invest,Fund cumu_ret,Fund daily_ret
31.359999999999999,1.0,300000.0,26.760000000000002,1.0,300000.0,67.200000000000003,1.0,200000.0,138.0,1.0,200000.0,1000000.0,1.0,0.0
30.539999999999999,0.97385204081632648,292155.61224489793,26.370000000000001,0.98542600896860988,295627.80269058299,66.400000000000006,0.98809523809523814,197619.04761904763,134.75,0.97644927536231885,195289.85507246378,980692.31762699236,0.98069231762699238,-0.019307682373007617
30.760000000000002,0.98086734693877553,294260.20408163266,26.260000000000002,0.98131539611360241,294394.6188340807,66.680000000000007,0.99226190476190479,198452.38095238095,134.37,0.97369565217391307,194739.13043478262,981846.33430287696,0.98184633430287693,0.0011767367350006275
31.309999999999999,0.99840561224489799,299521.68367346941,26.41,0.98692077727952165,296076.23318385647,67.260000000000005,1.0008928571428573,200178.57142857145,133.83000000000001,0.96978260869565225,193956.52173913046,989733.01002502779,0.98973301002502778,0.0080324949501904275
31.399999999999999,1.0012755102040816,300382.6530612245,26.469999999999999,0.98916292974588926,296748.87892376678,67.379999999999995,1.0026785714285713,200535.71428571426,133.58000000000001,0.96797101449275369,193594.20289855075,991261.44916925626,0.99126144916925629,0.0015442943993448921
31.550000000000001,1.0060586734693877,301817.60204081633,26.350000000000001,0.98467862481315394,295403.58744394616,66.900000000000006,0.9955357142857143,199107.14285714287,134.12,0.97188405797101451,194376.81159420291,990705.14393610845,0.99070514393610842,-0.00056120938992842984
31.66,1.0095663265306123,302869.89795918367,26.809999999999999,1.0018684603886396,300560.53811659187,68.299999999999997,1.0163690476190474,203273.8095238095,134.91,0.9776086956521739,195521.73913043478,1002225.9847300199,1.0022259847300199,0.011628930024667916
31.460000000000001,1.003188775510204,300956.63265306118,27.210000000000001,1.0168161434977578,305044.84304932738,67.400000000000006,1.0029761904761905,200595.23809523811,135.46000000000001,0.98159420289855082,196318.84057971017,1002915.5543773368,1.0029155543773367,0.00068803808504580566
31.32,0.99872448979591844,299617.3469387755,27.359999999999999,1.022421524663677,306726.45739910309,67.519999999999996,1.0047619047619047,200952.38095238095,134.05000000000001,0.97137681159420297,194275.36231884061,1001571.5476091002,1.0015715476091003,-0.0013400996348800209
31.350000000000001,0.99968112244897966,299904.3367346939,27.390000000000001,1.0235426008968609,307062.78026905825,66.569999999999993,0.99062499999999987,198124.99999999997,132.69,0.96152173913043482,192304.34782608697,997396.46482983907,0.99739646482983901,-0.0041685317331824345
31.309999999999999,0.99840561224489799,299521.68367346941,27.420000000000002,1.0246636771300448,307399.10313901346,67.010000000000005,0.99717261904761911,199434.52380952382,133.43000000000001,0.96688405797101451,193376.81159420291,999732.12221620965,0.99973212221620966,0.0023417542258574731
31.780000000000001,1.0133928571428572,304017.85714285716,27.289999999999999,1.0198056801195814,305941.7040358744,66.239999999999995,0.98571428571428554,197142.8571428571,133.72,0.96898550724637678,193797.10144927536,1000899.5197708642,1.0008995197708641,0.0011677103583174198
31.940000000000001,1.0184948979591837,305548.46938775509,27.609999999999999,1.0317638266068758,309529.14798206277,68.780000000000001,1.0235119047619048,204702.38095238095,131.19999999999999,0.95072463768115933,190144.92753623187,1009924.9258584307,1.0099249258584306,0.0090172948525668595
31.870000000000001,1.0162627551020409,304878.82653061225,27.739999999999998,1.0366218236173392,310986.54708520178,66.769999999999996,0.99360119047619033,198720.23809523808,131.03,0.94949275362318841,189898.55072463769,1004484.1624356897,1.0044841624356897,-0.0053872949200816089
32.170000000000002,1.0258290816326532,307748.72448979598,27.969999999999999,1.0452167414050821,313565.02242152463,67.140000000000001,0.99910714285714286,199821.42857142858,130.36000000000001,0.94463768115942037,188927.53623188406,1010062.7117146333,1.0100627117146332,0.0055536458289362489
32.43,1.0341198979591837,310235.96938775509,27.75,1.0369955156950672,311098.65470852016,66.840000000000003,0.99464285714285716,198928.57142857142,130.09999999999999,0.94275362318840572,188550.72463768115,1008813.9201625279,1.0088139201625279,-0.0012363505133116126
32.659999999999997,1.041454081632653,312436.22448979592,28.039999999999999,1.0478325859491777,314349.77578475332,67.5,1.0044642857142856,200892.85714285713,131.16,0.95043478260869563,190086.95652173914,1017765.8139391452,1.0177658139391452,0.0088736818532153539
32.890000000000001,1.0487882653061225,314636.47959183675,28.260000000000002,1.0560538116591929,316816.14349775785,67.090000000000003,0.9983630952380953,199672.61904761905,127.93000000000001,0.92702898550724644,185405.79710144928,1016531.0392386628,1.0165310392386628,-0.0012132208446885562
32.140000000000001,1.024872448979592,307461.73469387757,28.100000000000001,1.0500747384155455,315022.42152466369,65.079999999999998,0.96845238095238084,193690.47619047615,130.28,0.94405797101449274,188811.59420289856,1004986.2266119161,1.0049862266119161,-0.011357068482033994
32.009999999999998,1.0207270408163265,306218.11224489793,28.170000000000002,1.0526905829596414,315807.17488789238,65.469999999999999,0.97425595238095231,194851.19047619047,129.87,0.94108695652173913,188217.39130434784,1005093.8689133286,1.0050938689133286,0.00010710823547843695
32.210000000000001,1.0271045918367347,308131.37755102041,28.329999999999998,1.0586696562032885,317600.89686098654,65.489999999999995,0.97455357142857135,194910.71428571426,130.80000000000001,0.94782608695652182,189565.21739130435,1010208.2060890256,1.0102082060890256,0.0050884174442595853
31.84,1.0153061224489797,304591.8367346939,28.149999999999999,1.0519431988041852,315582.95964125555,66.150000000000006,0.984375,196875.0,130.44999999999999,0.94528985507246366,189057.97101449274,1006107.7673904422,1.0061077673904422,-0.0040590035537901858
33.68,1.0739795918367347,322193.87755102041,28.309999999999999,1.0579222720478325,317376.68161434977,65.579999999999998,0.97589285714285712,195178.57142857142,132.19999999999999,0.95797101449275357,191594.20289855072,1026343.3334924923,1.0263433334924923,0.020112722272819239
34.310000000000002,1.0940688775510206,328220.66326530615,28.23,1.054932735426009,316479.82062780269,65.930000000000007,0.98110119047619049,196220.23809523811,131.66,0.95405797101449274,190811.59420289856,1031732.3161912455,1.0317323161912455,0.0052506627391588623
34.090000000000003,1.0870535714285716,326116.07142857148,28.469999999999999,1.0639013452914796,319170.40358744387,65.25,0.97098214285714279,194196.42857142855,131.68000000000001,0.95420289855072471,190840.57971014493,1030323.4832975889,1.0303234832975889,-0.0013655023415932721
34.329999999999998,1.0947066326530612,328411.98979591834,28.469999999999999,1.0639013452914796,319170.40358744387,66.150000000000006,0.984375,196875.0,133.13999999999999,0.96478260869565202,192956.5217391304,1037413.9151224926,1.0374139151224926,0.0068817530997260512
34.140000000000001,1.0886479591836735,326594.38775510207,28.309999999999999,1.0579222720478325,317376.68161434977,66.0,0.9821428571428571,196428.57142857142,133.06999999999999,0.96427536231884048,192855.0724637681,1033254.7132617913,1.0332547132617913,-0.0040092019203445961
34.810000000000002,1.1100127551020409,333003.82653061225,28.600000000000001,1.0687593423019432,320627.80269058299,66.219999999999999,0.98541666666666661,197083.33333333331,132.84999999999999,0.96268115942028987,192536.23188405798,1043251.1944385865,1.0432511944385865,0.0096747501351706067
35.240000000000002,1.1237244897959184,337117.3469387755,28.850000000000001,1.0781016442451421,323430.49327354261,65.829999999999998,0.97961309523809514,195922.61904761902,132.31999999999999,0.95884057971014491,191768.11594202899,1048238.5752019663,1.0482385752019663,0.0047806135185530785
34.719999999999999,1.1071428571428572,332142.85714285716,28.989999999999998,1.0833333333333333,325000.0,67.269999999999996,1.0010416666666666,200208.33333333331,132.94999999999999,0.96340579710144925,192681.15942028986,1050032.3498964801,1.0500323498964801,0.0017112275172359581
34.689999999999998,1.1061862244897958,331855.8673469387,29.329999999999998,1.0960388639760836,328811.65919282509,67.090000000000003,0.9983630952380953,199672.61904761905,133.97,0.97079710144927533,194159.42028985507,1054499.5658772381,1.054499565877238,0.0042543603358491389
35.049999999999997,1.1176658163265305,335299.74489795917,29.66,1.108370702541106,332511.21076233179,67.359999999999999,1.0023809523809524,200476.19047619047,134.09999999999999,0.97173913043478255,194347.82608695651,1062634.9722234379,1.0626349722234378,0.0077149451829616744
35.039999999999999,1.1173469387755102,335204.08163265308,30.170000000000002,1.1274289985052317,338228.69955156953,67.650000000000006,1.0066964285714286,201339.28571428571,135.03999999999999,0.97855072463768111,195710.14492753622,1070482.2118260444,1.0704822118260444,0.007384699174907805
35.369999999999997,1.1278698979591837,338360.96938775509,30.920000000000002,1.155455904334828,346636.7713004484,67.640000000000001,1.006547619047619,201309.52380952382,135.41,0.98123188405797102,196246.37681159421,1082553.6413093216,1.0825536413093215,0.011276627813072704
34.82,1.1103316326530612,333099.48979591834,30.289999999999999,1.1319133034379669,339573.99103139009,67.090000000000003,0.9983630952380953,199672.61904761905,136.28999999999999,0.98760869565217391,197521.73913043478,1069867.8390053625,1.0698678390053624,-0.011718405277927779
34.600000000000001,1.1033163265306123,330994.89795918367,30.309999999999999,1.1326606875934229,339798.20627802686,66.760000000000005,0.99345238095238098,198690.47619047618,137.50999999999999,0.99644927536231875,199289.85507246375,1068773.4355001505,1.0687734355001506,-0.0010229333617780556
34.899999999999999,1.1128826530612244,333864.79591836728,30.170000000000002,1.1274289985052317,338228.69955156953,67.260000000000005,1.0008928571428573,200178.57142857145,136.47999999999999,0.98898550724637668,197797.10144927533,1070069.1683477836,1.0700691683477837,0.0012123550273559491
35.299999999999997,1.1256377551020407,337691.32653061219,30.620000000000001,1.1442451420029895,343273.54260089685,67.780000000000001,1.0086309523809525,201726.1904761905,137.38,0.99550724637681154,199101.44927536231,1081792.5088830621,1.081792508883062,0.010955684811832844
35.479999999999997,1.131377551020408,339413.26530612243,30.890000000000001,1.1543348281016441,346300.44843049324,68.400000000000006,1.0178571428571428,203571.42857142855,137.66,0.99753623188405793,199507.24637681158,1088792.3886848555,1.0887923886848556,0.0064706306840862648
35.219999999999999,1.1230867346938775,336926.02040816325,30.359999999999999,1.1345291479820627,340358.74439461884,70.180000000000007,1.044345238095238,208869.0476190476,140.03,1.0147101449275362,202942.02898550723,1089095.841407337,1.0890958414073371,0.00027870577130695295
35.469999999999999,1.1310586734693877,339317.60204081633,30.469999999999999,1.1386397608370702,341591.92825112108,70.0,1.0416666666666665,208333.33333333331,139.91999999999999,1.0139130434782608,202782.60869565216,1092025.4723209229,1.0920254723209228,0.0026899661188681812
35.659999999999997,1.1371173469387754,341135.2040816326,30.989999999999998,1.1580717488789236,347421.52466367709,71.420000000000002,1.0627976190476189,212559.52380952379,138.09,1.0006521739130434,200130.43478260867,1101246.6873374423,1.1012466873374422,0.0084441391251810494
35.409999999999997,1.1291454081632653,338743.62244897959,30.870000000000001,1.1535874439461884,346076.23318385653,71.150000000000006,1.0587797619047619,211755.95238095237,139.34999999999999,1.0097826086956521,201956.5217391304,1098532.3297529188,1.0985323297529188,-0.0024648043129066322
34.799999999999997,1.1096938775510203,332908.1632653061,30.649999999999999,1.1453662182361732,343609.86547085195,71.239999999999995,1.0601190476190474,212023.80952380947,139.72,1.0124637681159421,202492.75362318842,1091034.591883156,1.0910345918831559,-0.0068252318722828997
35.130000000000003,1.1202168367346941,336065.05102040822,31.050000000000001,1.1603139013452914,348094.17040358746,71.599999999999994,1.0654761904761902,213095.23809523805,139.36000000000001,1.0098550724637683,201971.01449275366,1099225.4740119874,1.0992254740119876,0.0075074449424135103
35.109999999999999,1.119579081632653,335873.72448979592,31.260000000000002,1.1681614349775784,350448.43049327354,71.739999999999995,1.0675595238095237,213511.90476190473,139.41,1.0102173913043477,202043.47826086954,1101877.5380058438,1.1018775380058436,0.0024126660603822625
34.75,1.1080994897959184,332429.8469387755,31.100000000000001,1.1621823617339313,348654.70852017938,70.599999999999994,1.0505952380952379,210119.04761904757,137.77000000000001,0.99833333333333341,199666.66666666669,1090870.2697446691,1.0908702697446691,-0.0099895568078240959
35.310000000000002,1.1259566326530612,337786.98979591834,31.25,1.1677877428998504,350336.32286995515,71.0,1.0565476190476191,211309.52380952382,138.22,1.0015942028985507,200318.84057971014,1099751.6770551074,1.0997516770551075,0.0081415797613744179
34.700000000000003,1.1065051020408165,331951.53061224497,30.890000000000001,1.1543348281016441,346300.44843049324,70.650000000000006,1.0513392857142858,210267.85714285716,138.86000000000001,1.0062318840579711,201246.37681159424,1089766.2129971895,1.0897662129971895,-0.0090797443334269534
34.399999999999999,1.096938775510204,329081.63265306118,30.050000000000001,1.1229446935724963,336883.40807174885,69.560000000000002,1.0351190476190477,207023.80952380956,136.27000000000001,0.98746376811594205,197492.75362318842,1070481.6038718082,1.0704816038718081,-0.017696097470615069
34.060000000000002,1.0860969387755104,325829.08163265313,29.75,1.1117339312406576,333520.17937219725,68.700000000000003,1.0223214285714286,204464.28571428571,136.24000000000001,0.98724637681159422,197449.27536231885,1061262.822081455,1.0612628220814551,-0.008611807766719104
34.380000000000003,1.0963010204081634,328890.30612244899,30.379999999999999,1.1352765321375187,340582.95964125561,69.25,1.0305059523809523,206101.19047619047,136.97,0.99253623188405793,198507.24637681158,1074081.7026167067,1.0740817026167067,0.012078893435756077
34.280000000000001,1.0931122448979593,327933.67346938781,30.629999999999999,1.1446188340807173,343385.65022421518,69.530000000000001,1.034672619047619,206934.52380952379,138.37,1.0026811594202898,200536.23188405795,1078790.0793871847,1.0787900793871847,0.0043836299966821812
33.789999999999999,1.0774872448979591,323246.17346938775,31.649999999999999,1.1827354260089684,354820.62780269055,69.609999999999999,1.0358630952380952,207172.61904761902,139.13999999999999,1.0082608695652173,201652.17391304346,1086891.5942327408,1.0868915942327408,0.0075098158579269825
33.479999999999997,1.0676020408163265,320280.61224489793,31.579999999999998,1.1801195814648728,354035.87443946186,69.760000000000005,1.0380952380952382,207619.04761904763,139.05000000000001,1.0076086956521739,201521.73913043478,1083457.2734338425,1.0834572734338426,-0.003159763878128663
33.939999999999998,1.0822704081632653,324681.12244897959,31.600000000000001,1.1808669656203288,354260.08968609862,70.069999999999993,1.0427083333333331,208541.66666666663,140.34,1.0169565217391305,203391.30434782611,1090874.1831495711,1.090874183149571,0.0068455950203019089
34.340000000000003,1.0950255102040818,328507.65306122456,31.32,1.1704035874439462,351121.07623318385,71.269999999999996,1.0605654761904761,212113.09523809524,139.22,1.008840579710145,201768.11594202899,1093509.9404745325,1.0935099404745325,0.0024161881962880827
34.590000000000003,1.102997448979592,330899.23469387757,31.600000000000001,1.1808669656203288,354260.08968609862,71.200000000000003,1.0595238095238095,211904.76190476189,139.25999999999999,1.0091304347826087,201826.08695652173,1098890.17324126,1.0988901732412599,0.004920149847373656
34.520000000000003,1.1007653061224492,330229.59183673473,31.440000000000001,1.1748878923766817,352466.36771300453,70.540000000000006,1.0497023809523811,209940.47619047621,138.53999999999999,1.0039130434782608,200782.60869565216,1093419.0444358676,1.0934190444358676,-0.0049787767136499905
34.560000000000002,1.1020408163265307,330612.24489795923,31.239999999999998,1.1674140508221225,350224.21524663671,71.099999999999994,1.0580357142857142,211607.14285714284,138.21000000000001,1.0015217391304347,200304.34782608695,1092747.950827826,1.0927479508278259,-0.00061375701425414597
35.32,1.1262755102040816,337882.6530612245,31.539999999999999,1.1786248131539609,353587.44394618826,71.900000000000006,1.0699404761904763,213988.09523809527,138.66999999999999,1.0048550724637679,200971.01449275357,1106429.2067382617,1.1064292067382617,0.012520047189355399
35.030000000000001,1.1170280612244898,335108.41836734692,31.989999999999998,1.1954409566517188,358632.28699551563,73.469999999999999,1.0933035714285713,218660.71428571426,139.86000000000001,1.0134782608695654,202695.65217391308,1115097.0718224898,1.1150970718224897,0.0078340891865833484
35.240000000000002,1.1237244897959184,337117.3469387755,32.229999999999997,1.2044095665171897,361322.86995515687,72.959999999999994,1.0857142857142856,217142.85714285713,139.19999999999999,1.008695652173913,201739.13043478259,1117322.2044715723,1.1173222044715723,0.0019954609381636068
35.130000000000003,1.1202168367346941,336065.05102040822,32.310000000000002,1.2073991031390134,362219.73094170401,73.269999999999996,1.0903273809523808,218065.47619047615,139.84,1.0133333333333334,202666.66666666669,1119016.9248192552,1.1190169248192552,0.0015167695951092686
35.670000000000002,1.137436224489796,341230.86734693882,32.200000000000003,1.203288490284006,360986.54708520178,73.25,1.0900297619047619,218005.95238095237,142.05000000000001,1.0293478260869566,205869.56521739133,1126092.9320304845,1.1260929320304844,0.0063234139308234738
35.359999999999999,1.1275510204081634,338265.30612244899,31.699999999999999,1.1846038863976083,355381.16591928247,73.599999999999994,1.0952380952380951,219047.61904761902,142.38,1.0317391304347825,206347.82608695651,1119041.9171763072,1.1190419171763071,-0.0062614857562985904
34.920000000000002,1.1135204081632655,334056.12244897964,31.43,1.1745142002989535,352354.26008968602,73.030000000000001,1.0867559523809525,217351.1904761905,142.50999999999999,1.0326811594202898,206536.23188405795,1110297.8048989139,1.1102978048989141,-0.0078139273812525278
34.770000000000003,1.1087372448979593,332621.17346938781,31.309999999999999,1.170029895366218,351008.96860986541,73.290000000000006,1.090625,218125.0,143.66,1.0410144927536231,208202.89855072461,1109958.0406299778,1.1099580406299778,-0.00030601183523648601
35.090000000000003,1.1189413265306123,335682.39795918367,31.039999999999999,1.1599402092675635,347982.06278026901,78.549999999999997,1.1688988095238095,233779.76190476189,142.63999999999999,1.0336231884057969,206724.63768115939,1124168.8603253742,1.1241688603253741,0.012803024236241134
35.07,1.1183035714285714,335491.07142857142,30.800000000000001,1.1509715994020926,345291.47982062778,78.189999999999998,1.1635416666666665,232708.33333333328,141.61000000000001,1.0261594202898552,205231.88405797104,1118722.7686405035,1.1187227686405035,-0.004844549495254924
35.200000000000003,1.1224489795918369,336734.69387755106,30.82,1.1517189835575485,345515.69506726455,80.959999999999994,1.2047619047619047,240952.38095238095,141.90000000000001,1.0282608695652173,205652.17391304346,1128854.9438102399,1.12885494381024,0.0090569133423905601
34.840000000000003,1.1109693877551021,333290.81632653065,30.829999999999998,1.1520926756352765,345627.80269058293,82.189999999999998,1.223065476190476,244613.09523809521,143.81,1.0421014492753624,208420.28985507248,1131952.0041102814,1.1319520041102813,0.0027435414240095657
35.07,1.1183035714285714,335491.07142857142,31.120000000000001,1.162929745889387,348878.92376681609,82.959999999999994,1.2345238095238094,246904.76190476186,145.05000000000001,1.0510869565217391,210217.39130434781,1141492.1484044974,1.1414921484044975,0.0084280466482451466
34.840000000000003,1.1109693877551021,333290.81632653065,30.719999999999999,1.147982062780269,344394.6188340807,82.609999999999999,1.2293154761904761,245863.09523809521,145.93000000000001,1.057463768115942,211492.75362318842,1135041.2840218951,1.1350412840218951,-0.0056512560262624856
34.75,1.1080994897959184,332429.8469387755,30.780000000000001,1.1502242152466366,345067.26457399101,83.989999999999995,1.2498511904761904,249970.23809523808,145.93000000000001,1.057463768115942,211492.75362318842,1138960.103231193,1.1389601032311931,0.0034525785664922815
35.689999999999998,1.1380739795918366,341422.19387755101,31.829999999999998,1.1894618834080717,356838.56502242148,86.569999999999993,1.2882440476190475,257648.8095238095,146.5,1.0615942028985508,212318.84057971014,1168228.4090034922,1.1682284090034922,0.025697393340878172
35.590000000000003,1.1348852040816328,340465.56122448988,31.989999999999998,1.1954409566517188,358632.28699551563,99.700000000000003,1.4836309523809523,296726.19047619047,146.74000000000001,1.0633333333333335,212666.66666666669,1208490.7053628627,1.2084907053628626,0.034464404434159102
35.689999999999998,1.1380739795918366,341422.19387755101,32.140000000000001,1.2010463378176381,360313.90134529147,100.28,1.4922619047619048,298452.38095238095,146.87,1.0642753623188406,212855.07246376813,1213043.5486389915,1.2130435486389914,0.0037673796380268687
35.710000000000001,1.1387117346938775,341613.52040816325,32.759999999999998,1.2242152466367711,367264.57399103133,101.8,1.5148809523809523,302976.19047619047,146.38,1.0607246376811594,212144.92753623187,1223999.2124116169,1.223999212411617,0.0090315502563098615
35.93,1.1457270408163265,343718.11224489793,33.07,1.2357997010463377,370739.91031390132,99.489999999999995,1.4805059523809523,296101.19047619047,149.19999999999999,1.0811594202898549,216231.88405797098,1226791.0970929607,1.2267910970929607,0.0022809530047351867
36.450000000000003,1.1623086734693879,348692.60204081639,33.310000000000002,1.2447683109118086,373430.49327354261,98.969999999999999,1.4727678571428571,294553.57142857142,149.81999999999999,1.0856521739130434,217130.43478260867,1233807.1015255391,1.233807101525539,0.0057189887090016711
36.289999999999999,1.1572066326530612,347161.98979591834,33.710000000000001,1.2597159940209268,377914.79820627806,97.650000000000006,1.453125,290625.0,152.37,1.1041304347826086,220826.08695652173,1236527.874958718,1.2365278749587179,0.0022051854214608646
36.149999999999999,1.1527423469387754,345822.7040816326,33.619999999999997,1.2563527653213751,376905.82959641254,98.670000000000002,1.4683035714285715,293660.71428571432,150.41,1.0899275362318841,217985.50724637683,1234374.7552101363,1.2343747552101363,-0.0017412626048997071
36.119999999999997,1.1517857142857142,345535.71428571426,33.509999999999998,1.2522421524663676,375672.64573991031,97.989999999999995,1.4581845238095237,291636.90476190473,149.88,1.086086956521739,217217.39130434781,1230062.656091877,1.230062656091877,-0.0034933468138897972
36.170000000000002,1.1533801020408163,346014.03061224491,32.509999999999998,1.2148729446935724,364461.88340807171,96.480000000000004,1.4357142857142857,287142.85714285716,147.72999999999999,1.0705072463768115,214101.44927536231,1211720.220438536,1.211720220438536,-0.014911789706402501
38.68,1.2334183673469388,370025.51020408166,32.549999999999997,1.2163677130044841,364910.31390134525,95.469999999999999,1.4206845238095238,284136.90476190473,143.47,1.0396376811594203,207927.53623188406,1227000.2650992158,1.2270002650992158,0.012610208530769329
38.509999999999998,1.2279974489795917,368399.23469387752,33.490000000000002,1.2514947683109119,375448.43049327354,96.120000000000005,1.4303571428571429,286071.42857142858,145.30000000000001,1.0528985507246378,210579.71014492755,1240498.8039035073,1.2404988039035072,0.01100125174235389
38.700000000000003,1.2340561224489797,370216.8367346939,33.920000000000002,1.2675635276532138,380269.05829596415,98.099999999999994,1.4598214285714284,291964.28571428568,147.38,1.0679710144927537,213594.20289855072,1256044.3836434945,1.2560443836434945,0.012531716831221118
39.280000000000001,1.2525510204081634,375765.30612244899,34.170000000000002,1.2769058295964126,383071.74887892377,97.340000000000003,1.4485119047619048,289702.38095238095,147.90000000000001,1.0717391304347827,214347.82608695654,1262887.2620407105,1.2628872620407106,0.0054479590739990869
39.93,1.2732780612244898,381983.41836734692,33.590000000000003,1.2552316890881914,376569.50672645739,96.590000000000003,1.4373511904761904,287470.23809523811,146.53999999999999,1.0618840579710145,212376.81159420291,1258399.9747832452,1.2583999747832453,-0.0035531970210976871
40.600000000000001,1.2946428571428572,388392.85714285716,33.469999999999999,1.2507473841554557,375224.21524663671,98.239999999999995,1.4619047619047618,292380.95238095237,146.59,1.0622463768115942,212449.27536231885,1268447.300132765,1.268447300132765,0.007984206572517083
40.700000000000003,1.2978316326530612,389349.48979591834,33.359999999999999,1.2466367713004483,373991.03139013448,96.609999999999999,1.4376488095238094,287529.76190476189,145.63,1.0552898550724636,211057.97101449274,1261928.2541053076,1.2619282541053076,-0.0051393905184511368
40.270000000000003,1.2841198979591837,385235.96938775509,33.310000000000002,1.2447683109118086,373430.49327354261,96.140000000000001,1.4306547619047618,286130.95238095237,145.37,1.0534057971014492,210681.15942028986,1255478.5744625397,1.2554785744625399,-0.0051109717385166009
39.890000000000001,1.2720025510204083,381600.76530612248,33.299999999999997,1.2443946188340806,373318.38565022417,97.569999999999993,1.4519345238095236,290386.90476190473,144.74000000000001,1.048840579710145,209768.11594202899,1255074.1716602806,1.2550741716602805,-0.00032211047682140226
40.310000000000002,1.2853954081632655,385618.62244897964,34.039999999999999,1.272047832585949,381614.34977578471,97.760000000000005,1.4547619047619047,290952.38095238095,145.59999999999999,1.0550724637681159,211014.49275362317,1269199.8459307684,1.2691998459307685,0.011254852174833241
39.780000000000001,1.2684948979591837,380548.46938775509,34.049999999999997,1.272421524663677,381726.45739910309,96.719999999999999,1.4392857142857143,287857.14285714284,145.65000000000001,1.0554347826086956,211086.95652173914,1261219.0261657403,1.2612190261657403,-0.0062880718041494754
39.789999999999999,1.268813775510204,380644.13265306118,34.009999999999998,1.2709267563527651,381278.02690582955,97.109999999999999,1.4450892857142856,289017.8571428571,147.49000000000001,1.068768115942029,213753.62318840579,1264693.6398901539,1.2646936398901538,0.0027549645639082243
39.600000000000001,1.2627551020408163,378826.53061224491,33.719999999999999,1.2600896860986546,378026.90582959639,95.310000000000002,1.4183035714285714,283660.71428571426,147.83000000000001,1.0712318840579711,214246.37681159421,1254760.5275391499,1.2547605275391498,-0.0078541648646757167
39.200000000000003,1.2500000000000002,375000.00000000006,33.640000000000001,1.257100149476831,377130.04484304931,94.849999999999994,1.4114583333333333,282291.66666666663,148.59,1.0767391304347826,215347.82608695654,1249769.5375966725,1.2497695375966726,-0.0039776434091896018
39.969999999999999,1.2745535714285714,382366.07142857142,33.950000000000003,1.2686846038863977,380605.3811659193,93.670000000000002,1.3938988095238094,278779.76190476189,148.58000000000001,1.0766666666666667,215333.33333333334,1257084.5478325861,1.2570845478325861,0.0058530873219877488
40.490000000000002,1.2911352040816328,387340.56122448988,33.729999999999997,1.2604633781763825,378139.01345291478,93.280000000000001,1.388095238095238,277619.04761904763,148.22,1.0740579710144929,214811.59420289856,1257910.2164993507,1.2579102164993508,0.00065681235855463704
40.240000000000002,1.2831632653061225,384948.97959183675,33.740000000000002,1.2608370702541105,378251.12107623316,93.209999999999994,1.3870535714285712,277410.71428571426,149.69999999999999,1.084782608695652,216956.5217391304,1257567.3366929146,1.2575673366929145,-0.00027257891854182148
40.359999999999999,1.2869897959183674,386096.93877551024,34.270000000000003,1.2806427503736921,384192.82511210762,94.730000000000004,1.409672619047619,281934.52380952379,149.63999999999999,1.0843478260869563,216869.56521739127,1269093.8529145331,1.269093852914533,0.0091657248763556964
39.75,1.2675382653061225,380261.47959183675,33.93,1.2679372197309415,380381.16591928247,93.180000000000007,1.3866071428571429,277321.42857142858,149.91,1.086304347826087,217260.86956521741,1255224.9436477651,1.2552249436477652,-0.010928198284876567
39.450000000000003,1.2579719387755104,377391.58163265313,33.740000000000002,1.2608370702541105,378251.12107623316,95.170000000000002,1.416220238095238,283244.04761904757,149.5,1.0833333333333333,216666.66666666666,1255553.4169946006,1.2555534169946005,0.00026168484660682445
39.07,1.2458545918367347,373756.37755102041,33.600000000000001,1.2556053811659194,376681.61434977583,94.400000000000006,1.4047619047619049,280952.38095238095,150.22,1.0885507246376811,217710.14492753622,1249100.5177807135,1.2491005177807135,-0.005139486003975291
38.479999999999997,1.2270408163265305,368112.24489795917,32.969999999999999,1.2320627802690582,369618.83408071747,93.159999999999997,1.3863095238095238,277261.90476190473,150.47999999999999,1.0904347826086955,218086.95652173911,1233079.9402623205,1.2330799402623205,-0.012825691199661815
38.630000000000003,1.2318239795918369,369547.19387755106,33.219999999999999,1.2414050822122571,372421.52466367715,93.299999999999997,1.388392857142857,277678.57142857142,150.41999999999999,1.0899999999999999,217999.99999999997,1237647.2899697993,1.2376472899697994,0.0037040175242062379
38.329999999999998,1.2222576530612244,366677.29591836728,33.310000000000002,1.2447683109118086,373430.49327354261,92.799999999999997,1.3809523809523809,276190.47619047621,149.81,1.0855797101449276,217115.94202898553,1233414.2074113719,1.2334142074113719,-0.0034202656869476433
38.359999999999999,1.2232142857142858,366964.28571428574,33.509999999999998,1.2522421524663676,375672.64573991031,93.719999999999999,1.3946428571428571,278928.57142857142,150.56,1.0910144927536232,218202.89855072464,1239768.4014334923,1.2397684014334922,0.0051517113909822498
37.649999999999999,1.2005739795918366,360172.19387755101,33.280000000000001,1.2436472346786247,373094.1704035874,91.209999999999994,1.3572916666666666,271458.33333333331,149.24000000000001,1.0814492753623188,216289.85507246378,1221014.5526869355,1.2210145526869356,-0.01512689686627966
37.75,1.2037627551020409,361128.82653061225,33.18,1.2399103139013452,371973.09417040355,91.780000000000001,1.3657738095238094,273154.76190476189,147.77000000000001,1.0707971014492754,214159.42028985507,1220416.1028956329,1.2204161028956328,-0.00049012502757295184
37.909999999999997,1.2088647959183672,362659.43877551012,33.590000000000003,1.2552316890881914,376569.50672645739,94.879999999999995,1.4119047619047618,282380.95238095237,148.66999999999999,1.0773188405797101,215463.76811594202,1237073.6659988619,1.2370736659988619,0.013649084983151427
37.329999999999998,1.1903698979591837,357110.96938775509,33.119999999999997,1.2376681614349774,371300.44843049324,93.760000000000005,1.3952380952380952,279047.61904761905,149.12,1.0805797101449275,216115.9420289855,1223574.9788948528,1.2235749788948529,-0.010911789228905566
37.079999999999998,1.1823979591836735,354719.38775510207,32.979999999999997,1.232436472346786,369730.94170403579,93.530000000000001,1.3918154761904762,278363.09523809527,148.97,1.0794927536231884,215898.55072463769,1218711.9754218706,1.2187119754218705,-0.0039744221293038784
37.130000000000003,1.1839923469387756,355197.70408163272,33.439999999999998,1.2496263079222718,374887.89237668156,94.75,1.4099702380952381,281994.04761904763,149.94,1.0865217391304347,217304.34782608695,1229383.9919034487,1.2293839919034486,0.0087567995529738152
37.590000000000003,1.1986607142857144,359598.21428571432,34.07,1.2731689088191329,381950.67264573986,98.599999999999994,1.4672619047619047,293452.38095238095,150.03,1.0871739130434783,217434.78260869568,1252436.0504925309,1.2524360504925309,0.018750901867032432
38.640000000000001,1.2321428571428572,369642.85714285716,34.609999999999999,1.2933482810164423,388004.4843049327,98.650000000000006,1.4680059523809523,293601.19047619047,150.75999999999999,1.0924637681159419,218492.75362318839,1269741.2855471687,1.2697412855471686,0.013817260408491405
38.640000000000001,1.2321428571428572,369642.85714285716,34.700000000000003,1.296711509715994,389013.45291479822,99.469999999999999,1.4802083333333333,296041.66666666669,150.99000000000001,1.0941304347826089,218826.08695652176,1273524.0636808439,1.2735240636808438,0.0029791723532444081
39.060000000000002,1.2455357142857144,373660.71428571432,34.859999999999999,1.3026905829596411,390807.17488789232,100.67,1.4980654761904761,299613.09523809521,148.34,1.074927536231884,214985.5072463768,1279066.4916580787,1.2790664916580787,0.0043520402443089079
38.32,1.221938775510204,366581.63265306118,35.32,1.3198804185351269,395964.12556053809,103.42,1.5389880952380952,307797.61904761905,146.25999999999999,1.0598550724637681,211971.01449275363,1282314.3917539718,1.2823143917539719,0.0025392738509495416
38.609999999999999,1.231186224489796,369355.86734693882,35.420000000000002,1.3236173393124067,397085.20179372199,104.65000000000001,1.5572916666666667,311458.33333333337,145.72999999999999,1.056014492753623,211202.89855072461,1289102.3010247187,1.2891023010247187,0.0052934828731527883
39.659999999999997,1.2646683673469388,379400.51020408166,35.280000000000001,1.3183856502242153,395515.69506726461,108.39,1.6129464285714286,322589.28571428574,146.24000000000001,1.0597101449275363,211942.02898550726,1309447.519971139,1.3094475199711391,0.01578247042942027
39.18,1.2493622448979591,374808.67346938775,35.609999999999999,1.3307174887892377,399215.24663677131,108.98,1.6217261904761904,324345.23809523805,147.18000000000001,1.0665217391304349,213304.34782608697,1311673.5060274841,1.311673506027484,0.0016999429319581871
39.57,1.2617984693877551,378539.54081632651,35.670000000000002,1.3329596412556053,399887.89237668162,106.92,1.5910714285714285,318214.28571428568,146.0,1.0579710144927537,211594.20289855072,1308235.9218058446,1.3082359218058446,-0.0026207621072186216
40.130000000000003,1.2796556122448981,383896.68367346941,36.32,1.3572496263079221,407174.88789237663,108.5,1.6145833333333333,322916.66666666663,144.93000000000001,1.0502173913043478,210043.47826086957,1324031.7164933824,1.3240317164933824,0.012074117843923649
40.100000000000001,1.2786989795918369,383609.69387755106,36.259999999999998,1.3550074738415545,406502.24215246638,107.91,1.6058035714285712,321160.71428571426,147.63,1.0697826086956521,213956.52173913043,1325229.1720548619,1.3252291720548619,0.00090440096454114105
40.039999999999999,1.2767857142857142,383035.71428571426,36.409999999999997,1.3606128550074736,408183.8565022421,107.89,1.6055059523809523,321101.19047619047,148.91,1.0790579710144927,215811.59420289856,1328132.3554670454,1.3281323554670454,0.002190702916448739
40.130000000000003,1.2796556122448981,383896.68367346941,36.329999999999998,1.3576233183856501,407286.99551569502,106.52,1.5851190476190475,317023.80952380953,149.15000000000001,1.0807971014492754,216159.42028985507,1324366.9090028291,1.3243669090028292,-0.0028351439890131891
39.549999999999997,1.2611607142857142,378348.21428571426,36.270000000000003,1.3553811659192825,406614.34977578477,107.39,1.5980654761904762,319613.09523809527,150.25,1.088768115942029,217753.62318840582,1322329.2824880001,1.3223292824880002,-0.0015385664659676168
39.0,1.243622448979592,373086.73469387757,35.689999999999998,1.3337070254110612,400112.10762331838,105.43000000000001,1.5688988095238097,313779.76190476195,151.59,1.0984782608695653,219695.65217391308,1306674.2563958711,1.3066742563958711,-0.011838977098558745
38.920000000000002,1.2410714285714286,372321.42857142858,35.609999999999999,1.3307174887892377,399215.24663677131,104.05,1.5483630952380951,309672.61904761905,152.77000000000001,1.1070289855072464,221405.79710144928,1302615.0913572682,1.3026150913572681,-0.0031064858121556682
38.780000000000001,1.236607142857143,370982.1428571429,35.560000000000002,1.3288490284005978,398654.70852017932,105.31,1.5671130952380952,313422.61904761905,154.13999999999999,1.1169565217391304,223391.30434782608,1306450.7747727674,1.3064507747727674,0.0029446023164851898
38.409999999999997,1.2248086734693877,367442.60204081633,35.490000000000002,1.3262331838565022,397869.95515695069,103.19,1.535565476190476,307113.09523809521,154.53999999999999,1.1198550724637681,223971.01449275363,1296396.6669286159,1.296396666928616,-0.0076957418054272031
38.359999999999999,1.2232142857142858,366964.28571428574,35.859999999999999,1.3400597907324363,402017.93721973087,104.0,1.5476190476190474,309523.80952380947,155.19999999999999,1.1246376811594203,224927.53623188406,1303433.5686897102,1.3034335686897103,0.0054280467858389692
38.119999999999997,1.2155612244897958,364668.3673469387,35.640000000000001,1.3318385650224214,399551.5695067264,103.75,1.5438988095238095,308779.76190476189,156.56999999999999,1.1345652173913043,226913.04347826086,1299912.7422366878,1.2999127422366878,-0.0027011936301147843
38.390000000000001,1.224170918367347,367251.27551020408,36.07,1.3479073243647235,404372.19730941707,107.20999999999999,1.5953869047619047,319077.38095238095,154.66,1.1207246376811595,224144.9275362319,1314845.7813082342,1.3148457813082342,0.011487724203589122
38.140000000000001,1.2161989795918369,364859.69387755106,35.920000000000002,1.3423019431988041,402690.58295964124,104.37,1.5531250000000001,310625.0,156.02000000000001,1.1305797101449275,226115.9420289855,1304291.2188661776,1.3042912188661775,-0.0080272246312834694
38.43,1.2254464285714286,367633.92857142858,36.609999999999999,1.3680866965620329,410426.00896860985,105.62,1.5717261904761906,314345.23809523811,154.83000000000001,1.1219565217391305,224391.30434782611,1316796.4799831028,1.3167964799831027,0.009587782955248203
38.600000000000001,1.2308673469387756,369260.20408163272,36.460000000000001,1.3624813153961135,408744.39461883408,105.56,1.5708333333333333,314166.66666666669,156.12,1.1313043478260869,226260.86956521738,1318432.1349323506,1.3184321349323507,0.001242147115451564
37.869999999999997,1.2075892857142856,362276.78571428568,36.240000000000002,1.3542600896860986,406278.02690582955,103.98999999999999,1.5474702380952379,309494.04761904757,157.34,1.1401449275362319,228028.98550724637,1306077.8457464091,1.3060778457464091,-0.0093704399783727244
38.32,1.221938775510204,366581.63265306118,35.990000000000002,1.3449177877428999,403475.33632286999,105.0,1.5625,312500.0,157.77000000000001,1.1432608695652176,228652.17391304352,1311209.1428889746,1.3112091428889747,0.0039287835401824456
37.210000000000001,1.1865433673469388,355963.01020408166,35.590000000000003,1.3299701046337817,398991.03139013454,101.81,1.5150297619047619,303005.95238095237,157.19,1.1390579710144928,227811.59420289856,1285771.5881780675,1.2857715881780674,-0.019400074235953579
37.600000000000001,1.1989795918367347,359693.87755102041,35.439999999999998,1.3243647234678624,397309.4170403587,102.15000000000001,1.5200892857142858,304017.85714285716,157.31999999999999,1.1399999999999999,227999.99999999997,1289021.1517342362,1.2890211517342363,0.0025273256821403134
37.420000000000002,1.1932397959183674,357971.93877551024,35.350000000000001,1.3210014947683109,396300.44843049324,101.87,1.5159226190476192,303184.52380952385,158.28999999999999,1.1470289855072464,229405.79710144928,1286862.7081169765,1.2868627081169766,-0.0016744826990275907
37.68,1.2015306122448979,360459.18367346935,35.329999999999998,1.3202541106128549,396076.23318385647,102.90000000000001,1.53125,306250.0,157.72,1.1428985507246376,228579.71014492752,1291365.1270022534,1.2913651270022535,0.0034987562052093413
36.57,1.1661352040816326,349840.56122448976,34.729999999999997,1.2978325859491777,389349.77578475332,99.670000000000002,1.4831845238095238,296636.90476190473,161.52000000000001,1.1704347826086958,234086.95652173916,1269914.1982928871,1.269914198292887,-0.016611048464009626
37.640000000000001,1.2002551020408163,360076.53061224491,33.579999999999998,1.2548579970104632,376457.39910313895,98.780000000000001,1.4699404761904762,293988.09523809527,161.49000000000001,1.1702173913043479,234043.47826086957,1264565.5032143488,1.2645655032143488,-0.0042118554826210408
36.780000000000001,1.1728316326530612,351849.48979591834,31.309999999999999,1.170029895366218,351008.96860986541,92.549999999999997,1.3772321428571428,275446.42857142858,160.63999999999999,1.1640579710144927,232811.59420289853,1211116.4811801109,1.2111164811801109,-0.042266708919686535
36.329999999999998,1.1584821428571428,347544.64285714284,30.940000000000001,1.156203288490284,346860.98654708517,93.180000000000007,1.3866071428571429,277321.42857142858,161.75,1.1721014492753623,234420.28985507245,1206147.3478307291,1.2061473478307292,-0.0041029359492655848
34.439999999999998,1.0982142857142856,329464.28571428568,28.809999999999999,1.07660687593423,322982.06278026901,88.0,1.3095238095238095,261904.76190476189,167.12,1.2110144927536233,242202.89855072467,1156554.0089500411,1.1565540089500412,-0.041117147892321904
35.060000000000002,1.1179846938775511,335395.40816326533,30.850000000000001,1.1528400597907325,345852.01793721976,89.430000000000007,1.3308035714285715,266160.71428571432,168.61000000000001,1.2218115942028986,244362.31884057974,1191770.4592267789,1.191770459226779,0.030449464533617743
33.82,1.0784438775510203,323533.1632653061,30.239999999999998,1.1300448430493273,339013.45291479817,85.030000000000001,1.2653273809523808,253065.47619047615,174.58000000000001,1.2650724637681161,253014.49275362323,1168626.5851242037,1.1686265851242037,-0.019419741380056532
35.100000000000001,1.1192602040816326,335778.06122448976,32.100000000000001,1.1995515695067265,359865.47085201793,88.409999999999997,1.3156249999999998,263124.99999999994,170.75,1.2373188405797102,247463.76811594205,1206232.3001924499,1.20623230019245,0.032179410897322125
35.399999999999999,1.1288265306122449,338647.95918367349,32.210000000000001,1.2036621823617339,361098.65470852016,90.980000000000004,1.3538690476190476,270773.80952380953,169.97,1.2316666666666667,246333.33333333334,1216853.7567493364,1.2168537567493363,0.0088054817925136142
35.57,1.134247448979592,340274.23469387757,33.119999999999997,1.2376681614349774,371300.44843049324,91.670000000000002,1.3641369047619047,272827.38095238095,171.80000000000001,1.2449275362318841,248985.50724637683,1233387.5713231286,1.2333875713231286,0.013587347273315897
36.049999999999997,1.1495535714285714,344866.07142857142,33.109999999999999,1.2372944693572496,371188.34080717491,91.099999999999994,1.3556547619047619,271130.95238095237,173.91999999999999,1.2602898550724637,252057.97101449274,1239243.3356311913,1.2392433356311912,0.0047477082177671548
35.460000000000001,1.1307397959183674,339221.93877551024,33.219999999999999,1.2414050822122571,372421.52466367715,90.030000000000001,1.3397321428571429,267946.42857142858,174.41999999999999,1.2639130434782608,252782.60869565216,1232372.500706268,1.232372500706268,-0.0055443791605493953
34.979999999999997,1.1154336734693877,334630.10204081633,32.359999999999999,1.2092675635276531,362780.26905829593,88.459999999999994,1.3163690476190475,263273.80952380953,177.72,1.2878260869565217,257565.21739130432,1218249.3980142262,1.2182493980142262,-0.011460092369756647
34.579999999999998,1.1026785714285714,330803.57142857142,31.940000000000001,1.1935724962630792,358071.74887892377,90.049999999999997,1.3400297619047619,268005.95238095237,179.94999999999999,1.3039855072463766,260797.10144927533,1217678.3741377229,1.2176783741377228,-0.00046872494042193846
35.009999999999998,1.1163903061224489,334917.09183673467,31.739999999999998,1.1860986547085202,355829.59641255607,89.409999999999997,1.3305059523809524,266101.19047619047,184.59,1.337608695652174,267521.73913043481,1224369.617855916,1.224369617855916,0.0054950829876825313
36.369999999999997,1.1597576530612244,347927.29591836728,32.689999999999998,1.2215994020926755,366479.82062780263,91.239999999999995,1.3577380952380951,271547.61904761899,177.66999999999999,1.287463768115942,257492.75362318839,1243447.4892169773,1.2434474892169773,0.015581790892908565
36.5,1.1639030612244898,349170.91836734692,33.200000000000003,1.2406576980568012,372197.30941704032,92.049999999999997,1.3697916666666665,273958.33333333331,171.65000000000001,1.2438405797101451,248768.11594202902,1244094.6770597496,1.2440946770597496,0.00052047862767401476
35.439999999999998,1.1301020408163265,339030.61224489793,32.719999999999999,1.2227204783258594,366816.14349775785,90.670000000000002,1.3492559523809524,269851.19047619047,172.36000000000001,1.2489855072463769,249797.10144927539,1225495.0476681218,1.2254950476681217,-0.014950332747653561
36.369999999999997,1.1597576530612244,347927.29591836728,33.409999999999997,1.2485052316890879,374551.56950672634,92.290000000000006,1.3733630952380953,274672.61904761905,177.47,1.2860144927536232,257202.89855072464,1254354.3830234373,1.2543543830234374,0.023549124421375023
37.289999999999999,1.1890943877551021,356728.31632653065,34.439999999999998,1.2869955156950672,386098.65470852016,93.890000000000001,1.397172619047619,279434.52380952379,173.88999999999999,1.2600724637681158,252014.49275362314,1274275.9875981978,1.2742759875981977,0.015881958754544456
37.75,1.2037627551020409,361128.82653061225,34.469999999999999,1.2881165919282509,386434.97757847526,93.599999999999994,1.3928571428571428,278571.42857142858,179.09999999999999,1.2978260869565217,259565.21739130432,1285700.4500718205,1.2857004500718205,0.0089654537830192726
37.909999999999997,1.2088647959183672,362659.43877551012,34.43,1.2866218236173392,385986.54708520178,94.200000000000003,1.4017857142857142,280357.14285714284,177.72,1.2878260869565217,257565.21739130432,1286568.3461091593,1.2865683461091593,0.00067503751537945078
37.030000000000001,1.1808035714285714,354241.07142857142,34.460000000000001,1.2877428998505231,386322.86995515693,93.609999999999999,1.3930059523809524,278601.19047619047,177.87,1.288913043478261,257782.60869565219,1276947.7405555712,1.2769477405555711,-0.00747772598531804
36.450000000000003,1.1623086734693879,348692.60204081639,33.289999999999999,1.2440209267563527,373206.27802690578,91.579999999999998,1.362797619047619,272559.52380952379,183.24000000000001,1.3278260869565217,265565.21739130432,1260023.6212685502,1.2600236212685503,-0.013253572365974575
36.619999999999997,1.1677295918367345,350318.87755102036,32.799999999999997,1.2257100149476829,367713.00448430487,91.909999999999997,1.3677083333333333,273541.66666666669,182.90000000000001,1.3253623188405796,265072.46376811591,1256646.012470108,1.256646012470108,-0.0026805916503706007
37.439999999999998,1.193877551020408,358163.26530612243,33.68,1.2585949177877429,377578.47533632285,93.0,1.3839285714285714,276785.71428571426,177.08000000000001,1.2831884057971015,256637.68115942029,1269165.1360875799,1.26916513608758,0.0099623310727448011
37.119999999999997,1.1836734693877551,355102.04081632651,33.210000000000001,1.2410313901345291,372309.41704035876,91.549999999999997,1.3623511904761905,272470.23809523811,181.81,1.317463768115942,263492.75362318842,1263374.4495751117,1.2633744495751118,-0.0045625950066032761
36.689999999999998,1.1699617346938775,350988.52040816325,32.270000000000003,1.2059043348281018,361771.30044843053,90.239999999999995,1.3428571428571427,268571.42857142852,180.69999999999999,1.3094202898550724,261884.0579710145,1243215.3073990368,1.2432153073990369,-0.015956585304423898
37.539999999999999,1.1970663265306123,359119.89795918367,31.989999999999998,1.1954409566517188,358632.28699551563,91.989999999999995,1.3688988095238095,273779.76190476189,176.66999999999999,1.2802173913043478,256043.47826086954,1247575.4251203309,1.2475754251203308,0.0035071300162929919
38.130000000000003,1.2158801020408165,364764.03061224497,32.539999999999999,1.2159940209267563,364798.20627802692,94.519999999999996,1.4065476190476189,281309.52380952379,178.53999999999999,1.2937681159420289,258753.62318840579,1269625.3838882016,1.2696253838882015,0.017674249046500723
38.119999999999997,1.2155612244897958,364668.3673469387,32.840000000000003,1.2272047832585951,368161.43497757852,97.840000000000003,1.4559523809523809,291190.47619047615,177.21000000000001,1.2841304347826088,256826.08695652176,1280846.3654715151,1.2808463654715152,0.0088380255512452432
39.119999999999997,1.2474489795918366,374234.69387755101,33.149999999999999,1.2387892376681613,371636.7713004484,99.400000000000006,1.4791666666666667,295833.33333333337,174.40000000000001,1.2637681159420291,252753.62318840582,1294458.4216997386,1.2944584216997386,0.010627391852115364
39.950000000000003,1.2739158163265307,382174.74489795923,33.159999999999997,1.2391629297458893,371748.87892376678,100.89,1.5013392857142858,300267.85714285716,176.03,1.2755797101449275,255115.9420289855,1309307.4229935687,1.3093074229935686,0.01147120760690945
40.240000000000002,1.2831632653061225,384948.97959183675,33.0,1.2331838565022422,369955.15695067262,99.480000000000004,1.4803571428571429,296071.42857142858,173.31,1.2558695652173912,251173.91304347824,1302149.4781574162,1.3021494781574163,-0.0054669703313731111
40.189999999999998,1.2815688775510203,384470.6632653061,33.060000000000002,1.2354260089686098,370627.80269058293,100.26000000000001,1.4919642857142856,298392.8571428571,175.78,1.2737681159420291,254753.62318840582,1308244.9462871519,1.3082449462871519,0.0046810817283136075
39.490000000000002,1.259247448979592,377774.23469387757,32.25,1.2051569506726456,361547.0852017937,96.959999999999994,1.4428571428571426,288571.42857142852,173.59,1.2578985507246376,251579.71014492752,1279472.4586120271,1.2794724586120272,-0.021993196118801905
38.82,1.2378826530612246,371364.7959183674,31.260000000000002,1.1681614349775784,350448.43049327354,94.540000000000006,1.4068452380952381,281369.04761904763,169.05000000000001,1.2250000000000001,245000.00000000003,1248182.2740306885,1.2481822740306885,-0.024455535850519405
39.390000000000001,1.2560586734693877,376817.60204081633,31.260000000000002,1.1681614349775784,350448.43049327354,93.900000000000006,1.3973214285714286,279464.28571428574,159.80000000000001,1.1579710144927537,231594.20289855075,1238324.5211469263,1.2383245211469263,-0.0078976869715742248
40.090000000000003,1.2783801020408165,383514.03061224497,31.809999999999999,1.1887144992526157,356614.34977578471,95.730000000000004,1.4245535714285715,284910.71428571432,157.58000000000001,1.1418840579710146,228376.81159420291,1253415.9062679468,1.2534159062679469,0.012186938773564027
39.899999999999999,1.2723214285714286,381696.42857142858,32.810000000000002,1.2260837070254111,367825.11210762337,96.670000000000002,1.4385416666666666,287708.33333333331,160.63,1.1639855072463767,232797.10144927533,1270026.9754616604,1.2700269754616604,0.01325263953540623
39.32,1.2538265306122449,376147.95918367349,32.420000000000002,1.2115097159940209,363452.9147982063,95.040000000000006,1.4142857142857144,282857.1428571429,156.22,1.1320289855072463,226405.79710144925,1248863.8139404717,1.2488638139404717,-0.016663552767055001
38.82,1.2378826530612246,371364.7959183674,32.869999999999997,1.2283258594917785,368497.75784753356,94.459999999999994,1.4056547619047617,281130.95238095231,157.69999999999999,1.1427536231884057,228550.72463768112,1249544.2307845345,1.2495442307845346,0.00054482869666627742
38.969999999999999,1.2426658163265305,372799.74489795917,32.07,1.1984304932735426,359529.14798206277,93.150000000000006,1.3861607142857144,277232.1428571429,158.06,1.1453623188405797,229072.46376811594,1238633.4995052807,1.2386334995052808,-0.0087317687605210637
37.840000000000003,1.2066326530612246,361989.7959183674,31.350000000000001,1.1715246636771299,351457.399103139,88.959999999999994,1.3238095238095238,264761.90476190473,160.96000000000001,1.166376811594203,233275.36231884061,1211484.4621022516,1.2114844621022516,-0.021918539595346509
38.200000000000003,1.2181122448979593,365433.67346938781,31.190000000000001,1.1655455904334828,349663.67713004485,91.659999999999997,1.3639880952380952,272797.61904761905,157.63999999999999,1.14231884057971,228463.76811594199,1216358.7377629937,1.2163587377629936,0.0040233909828970571
38.75,1.2356505102040816,370695.1530612245,31.969999999999999,1.1946935724962631,358408.07174887892,98.709999999999994,1.4688988095238094,293779.76190476189,159.46000000000001,1.1555072463768117,231101.44927536233,1253984.4359902274,1.2539844359902275,0.030933060337471785
40.0,1.2755102040816326,382653.06122448976,32.770000000000003,1.2245889387144993,367376.68161434977,99.409999999999997,1.4793154761904761,295863.09523809521,160.49000000000001,1.1629710144927536,232594.20289855072,1278487.0409754857,1.2784870409754856,0.019539799922563938
40.609999999999999,1.2949617346938775,388488.52040816325,32.990000000000002,1.2328101644245142,369843.04932735424,100.01000000000001,1.4882440476190477,297648.80952380953,159.18000000000001,1.1534782608695653,230695.65217391305,1286676.03143324,1.2866760314332399,0.0064052197599955285
41.740000000000002,1.3309948979591837,399298.46938775509,34.630000000000003,1.2940956651718984,388228.69955156953,100.68000000000001,1.4982142857142857,299642.85714285716,163.27000000000001,1.1831159420289856,236623.18840579712,1323793.214487979,1.3237932144879789,0.02884734163687952
42.07,1.3415178571428572,402455.35714285716,34.270000000000003,1.2806427503736921,384192.82511210762,98.920000000000002,1.4720238095238094,294404.76190476189,162.09999999999999,1.1746376811594204,234927.53623188406,1315980.4803916106,1.3159804803916106,-0.0059017783222209408
41.340000000000003,1.3182397959183674,395471.93877551024,34.200000000000003,1.2780269058295965,383408.07174887898,98.760000000000005,1.4696428571428573,293928.57142857148,163.25999999999999,1.1830434782608694,236608.69565217389,1309417.2776051348,1.3094172776051347,-0.0049873101343591575
41.280000000000001,1.3163265306122449,394897.95918367349,34.090000000000003,1.2739162929745891,382174.88789237675,101.31999999999999,1.507738095238095,301547.61904761899,162.30000000000001,1.1760869565217391,235217.39130434781,1313837.8574280168,1.3138378574280167,0.0033759901434682327
42.100000000000001,1.3424744897959184,402742.3469387755,34.32,1.2825112107623318,384753.36322869954,103.08,1.5339285714285713,306785.71428571426,163.40000000000001,1.1840579710144927,236811.59420289856,1331093.0186560878,1.3310930186560879,0.013133402368120217
41.380000000000003,1.3195153061224492,395854.59183673473,34.490000000000002,1.2888639760837071,386659.19282511214,101.43000000000001,1.5093750000000001,301875.0,162.62,1.1784057971014492,235681.15942028986,1320069.9440821367,1.3200699440821366,-0.0082812203350599578
42.020000000000003,1.3399234693877553,401977.04081632657,35.090000000000003,1.3112855007473843,393385.65022421529,102.64,1.5273809523809523,305476.19047619047,161.84,1.1727536231884059,234550.72463768118,1335389.6061544134,1.3353896061544135,0.011605189665104154
42.270000000000003,1.3478954081632655,404368.62244897964,34.899999999999999,1.304185351270553,391255.60538116592,102.08,1.519047619047619,303809.52380952379,159.87,1.1584782608695652,231695.65217391303,1331129.4038135824,1.3311294038135824,-0.0031902317654690648
42.119999999999997,1.3431122448979591,402933.67346938775,35.130000000000003,1.3127802690582959,393834.08071748877,101.67,1.5129464285714285,302589.28571428568,157.77000000000001,1.1432608695652176,228652.17391304352,1328009.213814206,1.3280092138142059,-0.0023440170357873491
43.189999999999998,1.3772321428571428,413169.64285714284,35.780000000000001,1.3370702541106128,401121.07623318385,108.84,1.6196428571428572,323928.57142857142,159.52000000000001,1.1559420289855074,231188.40579710147,1369407.6963159996,1.3694076963159996,0.031173339816590762
43.5,1.3871173469387756,416135.20408163272,36.299999999999997,1.3565022421524662,406950.67264573986,109.52,1.6297619047619045,325952.38095238089,161.02000000000001,1.1668115942028987,233362.31884057974,1382400.5765203333,1.3824005765203333,0.0094879561720642158
43.409999999999997,1.3842474489795917,415274.23469387752,35.850000000000001,1.3396860986547086,401905.82959641254,106.87,1.590327380952381,318065.47619047621,165.59,1.199927536231884,239985.5072463768,1375231.0477271429,1.375231047727143,-0.0051862889201311768
42.579999999999998,1.3577806122448979,407334.18367346935,36.189999999999998,1.3523916292974587,405717.48878923763,116.92,1.7398809523809524,347976.19047619047,167.40000000000001,1.2130434782608697,242608.69565217392,1403636.5585910715,1.4036365585910715,0.020655082584758899
43.780000000000001,1.396045918367347,418813.77551020408,37.280000000000001,1.3931240657698056,417937.2197309417,117.73999999999999,1.7520833333333332,350416.66666666663,169.55000000000001,1.2286231884057972,245724.63768115945,1432892.299588972,1.4328922995889719,0.020842817764212818
43.369999999999997,1.3829719387755102,414891.58163265308,37.25,1.3920029895366217,417600.89686098654,118.72,1.7666666666666666,353333.33333333331,169.62,1.2291304347826086,245826.08695652173,1431651.8987834947,1.4316518987834947,-0.00086566227331463796
43.450000000000003,1.3855229591836735,415656.88775510207,36.939999999999998,1.380418535127055,414125.56053811649,116.36,1.7315476190476189,346309.52380952379,167.34,1.212608695652174,242521.73913043481,1418613.7112331772,1.4186137112331771,-0.0091070933942785093
43.100000000000001,1.3743622448979593,412308.67346938781,35.82,1.3385650224215246,401569.50672645739,113.95999999999999,1.6958333333333331,339166.66666666663,167.38,1.2128985507246377,242579.71014492755,1395624.5570074392,1.3956245570074393,-0.016205365874938482
42.899999999999999,1.3679846938775511,410395.40816326533,36.740000000000002,1.3729446935724963,411883.40807174885,113.43000000000001,1.6879464285714285,337589.28571428568,169.06,1.2250724637681158,245014.49275362317,1404882.5947029232,1.4048825947029233,0.0066336162179143621
44.170000000000002,1.408482142857143,422544.6428571429,37.689999999999998,1.4084454409566516,422533.63228699547,114.05,1.6971726190476188,339434.52380952379,171.72,1.2443478260869565,248869.5652173913,1433382.3641710535,1.4333823641710535,0.020286228597028666
44.280000000000001,1.4119897959183674,423596.93877551024,37.939999999999998,1.4177877428998504,425336.32286995515,113.48999999999999,1.6888392857142855,337767.8571428571,170.84999999999999,1.2380434782608696,247608.69565217392,1434309.8144404963,1.4343098144404962,0.00064703619398809309
44.390000000000001,1.415497448979592,424649.23469387757,37.93,1.4174140508221225,425224.21524663671,114.01000000000001,1.696577380952381,339315.47619047621,174.97999999999999,1.2679710144927536,253594.20289855072,1442783.1290295413,1.4427831290295412,0.0059075901898852923
44.729999999999997,1.4263392857142856,427901.78571428568,38.149999999999999,1.4256352765321374,427690.58295964124,113.92,1.6952380952380952,339047.61904761905,173.53,1.257463768115942,251492.75362318839,1446132.7413447343,1.4461327413447342,0.0023216325778956381
42.899999999999999,1.3679846938775511,410395.40816326533,36.899999999999999,1.3789237668161434,413677.13004484301,111.23999999999999,1.6553571428571427,331071.42857142852,172.06999999999999,1.2468840579710145,249376.81159420291,1404520.7783737399,1.4045207783737399,-0.02877464964405696
43.619999999999997,1.3909438775510203,417283.1632653061,37.75,1.4106875934230194,423206.27802690584,112.08,1.6678571428571427,333571.42857142852,171.13999999999999,1.2401449275362317,248028.98550724634,1422089.8553708869,1.4220898553708869,0.012508947726276975
44.460000000000001,1.4177295918367347,425318.87755102041,38.509999999999998,1.4390881913303437,431726.45739910309,113.38,1.6872023809523808,337440.47619047615,173.96000000000001,1.2605797101449276,252115.94202898553,1446601.7531695853,1.4466017531695852,0.017236532351400324
44.07,1.4052933673469388,421588.01020408166,38.270000000000003,1.4301195814648731,429035.87443946191,113.94,1.6955357142857141,339107.14285714284,173.19999999999999,1.2550724637681159,251014.49275362317,1440745.5202543095,1.4407455202543096,-0.0040482689188260368
44.5,1.4190051020408163,425701.53061224491,38.93,1.4547832585949176,436434.97757847531,113.06999999999999,1.6825892857142855,336517.8571428571,173.36000000000001,1.2562318840579711,251246.37681159424,1449900.7421451716,1.4499007421451717,0.0063545031111713612
43.530000000000001,1.3880739795918369,416422.19387755106,38.880000000000003,1.452914798206278,435874.43946188339,110.29000000000001,1.6412202380952381,328244.04761904763,171.50999999999999,1.2428260869565217,248565.21739130435,1429105.8983497864,1.4291058983497864,-0.014342253363232693
43.060000000000002,1.3730867346938775,411926.02040816325,38.909999999999997,1.4540358744394617,436210.76233183849,109.63,1.6313988095238094,326279.76190476189,167.09999999999999,1.2108695652173913,242173.91304347827,1416590.457688242,1.416590457688242,-0.0087575320177435412
42.640000000000001,1.3596938775510206,407908.16326530615,38.979999999999997,1.4566517189835573,436995.51569506718,107.65000000000001,1.6019345238095237,320386.90476190473,167.62,1.2146376811594204,242927.53623188409,1408218.1199541623,1.4082181199541624,-0.0059102033962183942
43.039999999999999,1.3724489795918366,411734.69387755101,38.460000000000001,1.4372197309417041,431165.91928251123,107.89,1.6055059523809523,321101.19047619047,163.5,1.1847826086956521,236956.52173913043,1400958.325375383,1.400958325375383,-0.0051553054714390534
42.799999999999997,1.3647959183673468,409438.77551020402,38.560000000000002,1.4409566517189836,432286.99551569507,113.5,1.6889880952380951,337797.61904761905,165.31,1.1978985507246378,239579.71014492755,1419103.1002184455,1.4191031002184455,0.012951687794282352
42.270000000000003,1.3478954081632655,404368.62244897964,37.869999999999997,1.4151718983557546,424551.5695067264,109.93000000000001,1.6358630952380953,327172.61904761905,164.83000000000001,1.1944202898550726,238884.05797101452,1394976.8689743397,1.3949768689743396,-0.017001041883702439
42.420000000000002,1.3526785714285714,405803.57142857142,38.030000000000001,1.421150971599402,426345.29147982056,109.2,1.625,325000.0,163.40000000000001,1.1840579710144927,236811.59420289856,1393960.4571112904,1.3939604571112905,-0.00072862273608631511
43.450000000000003,1.3855229591836735,415656.88775510207,39.030000000000001,1.4585201793721974,437556.05381165922,111.05,1.6525297619047619,330505.95238095237,166.63,1.2074637681159419,241492.75362318839,1425211.647570902,1.425211647570902,0.022418993523226405
44.390000000000001,1.415497448979592,424649.23469387757,39.420000000000002,1.4730941704035874,441928.25112107623,110.41,1.6430059523809522,328601.19047619042,166.88,1.2092753623188406,241855.07246376813,1437033.7487549123,1.4370337487549123,0.0082949793486177814
44.240000000000002,1.4107142857142858,423214.28571428574,40.689999999999998,1.5205530642750371,456165.91928251111,114.95,1.7105654761904761,342113.09523809521,170.13,1.2328260869565217,246565.21739130435,1468058.5176261964,1.4680585176261964,0.021589450420468337
45.82,1.4610969387755102,438329.08163265308,40.700000000000003,1.5209267563527653,456278.02690582961,116.48,1.7333333333333334,346666.66666666669,169.63,1.2292028985507246,245840.57971014493,1487114.3549152941,1.4871143549152941,0.012980298169524174
45.890000000000001,1.4633290816326532,438998.72448979598,40.670000000000002,1.5198056801195814,455941.7040358744,113.23999999999999,1.6851190476190474,337023.80952380947,169.81999999999999,1.2305797101449274,246115.94202898548,1478080.1800784653,1.4780801800784653,-0.0060749698279547459
46.340000000000003,1.4776785714285716,443303.57142857148,41.049999999999997,1.5340059790732434,460201.79372197302,111.79000000000001,1.6635416666666667,332708.33333333331,167.31999999999999,1.212463768115942,242492.75362318842,1478706.4521070663,1.4787064521070663,0.00042370639769195861
46.170000000000002,1.4722576530612246,441677.2959183674,40.68,1.5201793721973094,456053.81165919278,112.14,1.66875,333750.0,168.18000000000001,1.2186956521739132,243739.13043478262,1475220.2380123429,1.4752202380123429,-0.0023576106601521651
46.219999999999999,1.4738520408163265,442155.61224489793,40.590000000000003,1.5168161434977578,455044.84304932738,111.76000000000001,1.6630952380952382,332619.04761904763,169.40000000000001,1.2275362318840579,245507.24637681158,1475326.7492900842,1.4753267492900843,7.2200255254672996e-05
45.840000000000003,1.4617346938775511,438520.40816326533,39.649999999999999,1.4816890881913303,444506.72645739908,109.70999999999999,1.6325892857142856,326517.8571428571,165.97999999999999,1.2027536231884057,240550.72463768115,1450095.7164012026,1.4500957164012025,-0.017101996490623272
46.469999999999999,1.4818239795918366,444547.19387755101,40.859999999999999,1.5269058295964124,458071.74887892371,112.95,1.6808035714285714,336160.71428571426,166.40000000000001,1.2057971014492754,241159.42028985507,1479939.077332044,1.479939077332044,0.020580269697579423
46.43,1.4805484693877551,444164.54081632651,40.289999999999999,1.5056053811659191,451681.61434977571,110.39,1.6427083333333332,328541.66666666663,161.99000000000001,1.173840579710145,234768.11594202899,1459155.9377747979,1.4591559377747978,-0.014043239938439145
46.130000000000003,1.470982142857143,441294.6428571429,40.299999999999997,1.5059790732436471,451793.72197309416,110.09,1.6382440476190476,327648.80952380953,158.44999999999999,1.1481884057971015,229637.68115942029,1450374.8555134668,1.4503748555134668,-0.0060179190133182736
46.090000000000003,1.4697066326530615,440911.98979591846,39.689999999999998,1.4831838565022419,444955.15695067256,109.63,1.6313988095238094,326279.76190476189,152.88999999999999,1.1078985507246375,221579.71014492749,1433726.6187962806,1.4337266187962805,-0.011478575110358102
46.090000000000003,1.4697066326530615,440911.98979591846,40.350000000000001,1.507847533632287,452354.26008968608,109.73,1.6328869047619048,326577.38095238095,152.33000000000001,1.1038405797101449,220768.11594202899,1440611.7467800144,1.4406117467800144,0.0048022599939689936
46.68,1.4885204081632653,446556.12244897959,40.149999999999999,1.5003736920777277,450112.10762331833,110.29000000000001,1.6412202380952381,328244.04761904763,155.22999999999999,1.124855072463768,224971.0144927536,1449883.2921840991,1.4498832921840992,0.0064358390973890955
45.93,1.4646045918367347,439381.37755102041,40.390000000000001,1.5093423019431986,452802.69058295956,109.98999999999999,1.6367559523809523,327351.19047619047,154.87,1.1222463768115942,224449.27536231885,1443984.5339724892,1.4439845339724893,-0.0040684365723837601
47.530000000000001,1.515625,454687.5,41.380000000000003,1.5463378176382661,463901.34529147984,110.73,1.6477678571428571,329553.57142857142,156.97999999999999,1.1375362318840578,227507.24637681156,1475649.6630968628,1.4756496630968627,0.021928994652914202
47.479999999999997,1.5140306122448979,454209.18367346935,41.869999999999997,1.5646487294469356,469394.61883408064,111.48999999999999,1.6590773809523809,331815.47619047615,157.16,1.1388405797101449,227768.11594202896,1483187.394640055,1.4831873946400551,0.0051080766198754457
47.329999999999998,1.5092474489795917,452774.23469387752,41.869999999999997,1.5646487294469356,469394.61883408064,110.69,1.647172619047619,329434.52380952379,156.03999999999999,1.1307246376811593,226144.92753623184,1477748.304873714,1.4777483048737139,-0.0036671628858206962
47.909999999999997,1.5277423469387754,458322.7040816326,42.32,1.5814648729446934,474439.46188340802,110.79000000000001,1.6486607142857144,329732.1428571429,156.31,1.1326811594202899,226536.23188405798,1489030.5407062417,1.4890305407062416,0.0076347479440972421
48.630000000000003,1.5507015306122449,465210.45918367349,42.420000000000002,1.5852017937219731,475560.53811659192,111.31999999999999,1.6565476190476189,331309.52380952379,154.91,1.1225362318840579,224507.24637681158,1496587.7674866009,1.4965877674866008,0.0050752664728923591
48.149999999999999,1.5353954081632653,460618.62244897959,42.030000000000001,1.5706278026905829,471188.34080717486,110.2,1.6398809523809523,327976.19047619047,151.03,1.0944202898550726,218884.05797101452,1478667.2117033594,1.4786672117033595,-0.011974276532633721
48.219999999999999,1.537627551020408,461288.26530612243,42.420000000000002,1.5852017937219731,475560.53811659192,110.64,1.6464285714285714,329285.71428571426,150.34,1.0894202898550724,217884.0579710145,1484018.5756794431,1.4840185756794431,0.00361904553893444
47.200000000000003,1.5051020408163267,451530.61224489799,42.420000000000002,1.5852017937219731,475560.53811659192,110.05,1.6376488095238093,327529.76190476184,151.99000000000001,1.1013768115942029,220275.36231884058,1474896.2745850927,1.4748962745850926,-0.0061470262191117842

ROST weight: ,0.3
OKE weight: ,0.3
BIIB weight: ,0.2
GLD weight: ,0.2

Annual return,0.47489627458509265
AVG Daily return,0.0016068976676070438
STD Daily return,0.011286411858960682
Sharpe ratio,2.2601257143257221
