Date,EP Adj Close,EP Cumulative Return,EP Investment,ISRG Adj Close,ISRG Cumulative Return,ISRG Investment,CMD Adj Close,CMD Cumulative Return,CMD Investment,OKE Adj Close,OKE Cumulative Return,OKE Investment,Portfolio  Value,Portfolio Daily Return,SPY Adj Close,SPY Daily Return,,,,,,,,
1/3/2011,13.72,1,100000,269,1,100000,47.55,1,300000,26.76,1,500000,1000000,0,123.65,0,,,,,Ammount,1000000,,
1/4/2011,13.61,0.991982507,99198.25073,271.7,1.010037175,101003.7175,49.2,1.034700315,310410.0946,26.37,0.985426009,492713.0045,1003325.067,0.003325067,124.26,0.004933279,,,,,Equity,Price,Percentage,# Shares
1/5/2011,13.74,1.001457726,100145.7726,273.63,1.017211896,101721.1896,49.1,1.032597266,309779.1798,26.26,0.981315396,490657.6981,1002303.84,-0.001017843,122.99,-0.010220505,,,,,EP,13.72,0.1,7288.629738
1/6/2011,13.67,0.996355685,99635.56851,268.68,0.998810409,99881.04089,50.25,1.056782334,317034.7003,26.41,0.986920777,493460.3886,1010011.698,0.007690141,124.62,0.01325311,,,,,ISRG,269,0.1,371.7472119
1/7/2011,13.63,0.993440233,99344.02332,267.4,0.994052045,99405.20446,51.05,1.07360673,322082.0189,26.47,0.98916293,494581.4649,1015412.712,0.005347476,124.53,-0.000722195,,,,,CMD,47.55,0.3,6309.148265
1/10/2011,13.47,0.981778426,98177.84257,271.58,1.009591078,100959.1078,50.15,1.054679285,316403.7855,26.35,0.984678625,492339.3124,1007880.048,-0.007418327,123.42,-0.008913515,,,,,OKE,26.76,0.5,18684.60389
1/11/2011,13.57,0.989067055,98906.70554,280.99,1.044572491,104457.2491,49.3,1.036803365,311041.0095,26.81,1.00186846,500934.2302,1015339.194,0.007400827,122.34,-0.008750608,,,,,,,,
1/12/2011,13.77,1.003644315,100364.4315,282.21,1.049107807,104910.7807,47.95,1.008412198,302523.6593,27.21,1.016816143,508408.0717,1016206.943,0.000854639,122.1,-0.001961746,,,,,,Portfolio,SPY,
1/13/2011,14.06,1.024781341,102478.1341,279.11,1.037583643,103758.3643,48.2,1.013669821,304100.9464,27.36,1.022421525,511210.7623,1021548.207,0.005256079,118.52,-0.029320229,,,,,Annual return,0.51282062,1.008564437,
1/14/2011,14.11,1.028425656,102842.5656,288.28,1.071672862,107167.2862,48.5,1.01997897,305993.6909,27.39,1.023542601,511771.3004,1027774.843,0.006095293,119.8,0.010799865,,,,,AVG Daily return,0.001695137,7.16439E-05,
1/18/2011,14.23,1.037172012,103717.2012,296.32,1.101561338,110156.1338,48.35,1.016824395,305047.3186,27.42,1.024663677,512331.8386,1031252.492,0.003383668,119.62,-0.001502504,,,,,STD Daily return,0.010109447,0.014594418,
1/19/2011,14.1,1.027696793,102769.6793,290.45,1.079739777,107973.9777,48.6,1.022082019,306624.6057,27.29,1.01980568,509902.8401,1027271.103,-0.003860732,119.19,-0.003594717,,,,,Sharpe ratio,2.661813216,0.077927843,
1/20/2011,14.08,1.026239067,102623.9067,289.83,1.077434944,107743.4944,49,1.030494217,309148.265,27.61,1.031763827,515881.9133,1035397.579,0.007910742,120.47,0.010739156,,,,,,,,
1/21/2011,14.45,1.053206997,105320.6997,326.58,1.214052045,121405.2045,48.1,1.011566772,303470.0315,27.74,1.036621824,518310.9118,1048506.848,0.012661096,121.61,0.009462937,,,,,,,,
1/24/2011,14.81,1.079446064,107944.6064,327.99,1.21929368,121929.368,48.75,1.025236593,307570.9779,27.97,1.045216741,522608.3707,1060053.323,0.011012303,123.41,0.014801414,,,,,,,,
1/25/2011,14.31,1.043002915,104300.2915,330.93,1.230223048,123022.3048,50.5,1.062039958,318611.9874,27.75,1.036995516,518497.7578,1064432.342,0.004130942,121.35,-0.016692326,,,,,,,,
1/26/2011,14.42,1.051020408,105102.0408,338.06,1.256728625,125672.8625,48.45,1.018927445,305678.2334,28.04,1.047832586,523916.293,1060369.43,-0.003816975,124.07,0.022414504,,,,,,,,
1/27/2011,15.54,1.132653061,113265.3061,334.17,1.242267658,124226.7658,49.8,1.047318612,314195.5836,28.26,1.056053812,528026.9058,1079714.561,0.018243766,123.61,-0.003707584,,,,,,,,
1/28/2011,15.42,1.123906706,112390.6706,327.93,1.219070632,121907.0632,48.35,1.016824395,305047.3186,28.1,1.050074738,525037.3692,1064382.422,-0.014200179,123.57,-0.000323598,,,,,,,,
1/31/2011,15.84,1.15451895,115451.895,322.91,1.200408922,120040.8922,47,0.988433228,296529.9685,28.17,1.052690583,526345.2915,1058368.047,-0.005650577,122.24,-0.01076313,,,,,,,,
2/1/2011,16.17,1.178571429,117857.1429,332.58,1.236356877,123635.6877,46.65,0.981072555,294321.7666,28.33,1.058669656,529334.8281,1065149.425,0.006407391,122.35,0.000899869,,,,,,,,
2/2/2011,16.04,1.16909621,116909.621,327.79,1.218550186,121855.0186,45.8,0.963196635,288958.9905,28.15,1.051943199,525971.5994,1053695.23,-0.010753605,122.37,0.000163465,,,,,,,,
2/3/2011,16.43,1.197521866,119752.1866,330.48,1.228550186,122855.0186,46.8,0.984227129,295268.1388,28.31,1.057922272,528961.136,1066836.48,0.012471586,117.53,-0.039552178,,,,,,,,
2/4/2011,16.88,1.2303207,123032.07,331.26,1.231449814,123144.9814,47.25,0.993690852,298107.2555,28.23,1.054932735,527466.3677,1071750.675,0.004606324,117.2,-0.002807794,,,,,,,,
2/7/2011,16.82,1.225947522,122594.7522,333.42,1.239479554,123947.9554,47.2,0.992639327,297791.7981,28.47,1.063901345,531950.6726,1076285.178,0.004230932,113.9,-0.028156997,,,,,,,,
2/8/2011,16.82,1.225947522,122594.7522,333.93,1.241375465,124137.5465,47.2,0.992639327,297791.7981,28.47,1.063901345,531950.6726,1076474.769,0.000176153,114.12,0.001931519,,,,,,,,
2/9/2011,16.67,1.215014577,121501.4577,333.55,1.239962825,123996.2825,47.05,0.989484753,296845.4259,28.31,1.057922272,528961.136,1071304.302,-0.004803148,116.69,0.022520154,,,,,,,,
2/10/2011,16.44,1.198250729,119825.0729,337.2,1.253531599,125353.1599,46.95,0.987381703,296214.511,28.6,1.068759342,534379.6712,1075772.415,0.004170722,117.15,0.003942069,,,,,,,,
2/11/2011,16.67,1.215014577,121501.4577,345.27,1.283531599,128353.1599,47.15,0.991587802,297476.3407,28.85,1.078101644,539050.8221,1086381.78,0.009862091,119.42,0.019376867,,,,,,,,
2/14/2011,17.14,1.249271137,124927.1137,344.31,1.279962825,127996.2825,46.85,0.985278654,295583.5962,28.99,1.083333333,541666.6667,1090173.659,0.003490374,119.55,0.001088595,,,,,,,,
2/15/2011,16.92,1.233236152,123323.6152,341.19,1.268364312,126836.4312,48.05,1.010515247,303154.5741,29.33,1.096038864,548019.432,1101334.053,0.010237262,121.48,0.016143873,,,,,,,,
2/16/2011,17.29,1.260204082,126020.4082,339.99,1.263903346,126390.3346,48.3,1.015772871,304731.8612,29.66,1.108370703,554185.3513,1111327.955,0.009074361,123.44,0.016134343,,,,,,,,
2/17/2011,17.96,1.309037901,130903.7901,340.99,1.267620818,126762.0818,47.05,0.989484753,296845.4259,30.17,1.127428999,563714.4993,1118225.797,0.006206846,122.83,-0.004941672,,,,,,,,
2/18/2011,17.63,1.284985423,128498.5423,340.92,1.267360595,126736.0595,47.45,0.997896951,299369.0852,30.92,1.155455904,577727.9522,1132331.639,0.012614485,124,0.00952536,,,,,,,,
2/22/2011,17.44,1.271137026,127113.7026,331.11,1.230892193,123089.2193,47.5,0.998948475,299684.5426,30.29,1.131913303,565956.6517,1115844.116,-0.014560684,121.71,-0.018467742,,,,,,,,
2/23/2011,17.57,1.280612245,128061.2245,327.14,1.216133829,121613.3829,47.65,1.002103049,300630.9148,30.31,1.132660688,566330.3438,1116635.866,0.000709552,120.58,-0.009284364,,,,,,,,
2/24/2011,17.74,1.293002915,129300.2915,328.01,1.21936803,121936.803,47.5,0.998948475,299684.5426,30.17,1.127428999,563714.4993,1114636.136,-0.001790852,125.2,0.038314812,,,,,,,,
2/25/2011,18.45,1.344752187,134475.2187,334.93,1.245092937,124509.2937,45.71,0.961303891,288391.1672,30.62,1.144245142,572122.571,1119498.251,0.004362064,123.61,-0.012699681,,,,,,,,
2/28/2011,18.56,1.352769679,135276.9679,327.95,1.219144981,121914.4981,45.45,0.955835962,286750.7886,30.89,1.154334828,577167.4141,1121109.669,0.001439411,122.85,-0.00614837,,,,,,,,
3/1/2011,18.17,1.324344023,132434.4023,319.81,1.188884758,118888.4758,45.23,0.951209253,285362.776,30.36,1.134529148,567264.574,1103950.228,-0.015305765,123.6,0.006105006,,,,,,,,
3/2/2011,18.25,1.330174927,133017.4927,322.81,1.200037175,120003.7175,44.19,0.929337539,278801.2618,30.47,1.138639761,569319.8804,1101142.352,-0.00254348,121.39,-0.017880259,,,,,,,,
3/3/2011,18.27,1.331632653,133163.2653,331.72,1.233159851,123315.9851,44.22,0.929968454,278990.5363,30.99,1.158071749,579035.8744,1114505.661,0.012135859,119.44,-0.016063926,,,,,,,,
3/4/2011,18.3,1.333819242,133381.9242,332.04,1.234349442,123434.9442,43.44,0.913564669,274069.4006,30.87,1.153587444,576793.722,1107679.991,-0.006124393,122.87,0.028717348,,,,,,,,
3/7/2011,18.08,1.317784257,131778.4257,329.59,1.225241636,122524.1636,44,0.925341746,277602.5237,30.65,1.145366218,572683.1091,1104588.222,-0.002791211,125.9,0.02466021,,,,,,,,
3/8/2011,17.98,1.310495627,131049.5627,331.73,1.233197026,123319.7026,44.36,0.932912723,279873.817,31.05,1.160313901,580156.9507,1114400.033,0.008882777,125.93,0.000238284,,,,,,,,
3/9/2011,17.79,1.29664723,129664.723,330.21,1.227546468,122754.6468,44.93,0.944900105,283470.0315,31.26,1.168161435,584080.7175,1119970.119,0.004998282,121.69,-0.033669499,,,,,,,,
3/10/2011,17.24,1.256559767,125655.9767,324.91,1.207843866,120784.3866,44.93,0.944900105,283470.0315,31.1,1.162182362,581091.1809,1111001.576,-0.008007842,120.47,-0.010025475,,,,,,,,
3/11/2011,17.43,1.270408163,127040.8163,325.43,1.209776952,120977.6952,46.8,0.984227129,295268.1388,31.25,1.167787743,583893.8714,1127180.522,0.014562487,122.86,0.019838964,,,,,,,,
3/14/2011,17.29,1.260204082,126020.4082,327.79,1.218550186,121855.0186,46.95,0.987381703,296214.511,30.89,1.154334828,577167.4141,1121257.352,-0.005254855,121.37,-0.012127625,,,,,,,,
3/15/2011,17.09,1.245626822,124562.6822,326.2,1.212639405,121263.9405,49.96,1.050683491,315205.0473,30.05,1.122944694,561472.3468,1122504.017,0.001111846,119.11,-0.018620746,,,,,,,,
3/16/2011,16.89,1.231049563,123104.9563,319.24,1.186765799,118676.5799,48.84,1.027129338,308138.8013,29.75,1.111733931,555866.9656,1105787.303,-0.014892342,118.59,-0.004365712,,,,,,,,
3/17/2011,17.37,1.266034985,126603.4985,321.04,1.193457249,119345.7249,46.6,0.98002103,294006.3091,30.38,1.135276532,567638.2661,1107593.799,0.001633674,120.01,0.011974028,,,,,,,,
3/18/2011,17.24,1.256559767,125655.9767,316.9,1.178066914,117806.6914,45.25,0.951629863,285488.959,30.63,1.144618834,572309.417,1101261.044,-0.005717579,117.71,-0.01916507,,,,,,,,
3/21/2011,17.82,1.298833819,129883.3819,325.1,1.208550186,120855.0186,44.95,0.945320715,283596.2145,31.65,1.182735426,591367.713,1125702.328,0.022193906,120,0.019454592,,,,,,,,
3/22/2011,17.71,1.290816327,129081.6327,323.91,1.204126394,120412.6394,44.39,0.933543638,280063.0915,31.58,1.180119581,590059.7907,1119617.154,-0.005405669,117.98,-0.016833333,,,,,,,,
3/23/2011,17.6,1.282798834,128279.8834,320.93,1.193048327,119304.8327,44.39,0.933543638,280063.0915,31.6,1.180866966,590433.4828,1118081.29,-0.001371776,118.22,0.002034243,,,,,,,,
3/24/2011,17.71,1.290816327,129081.6327,330.5,1.228624535,122862.4535,43.57,0.916298633,274889.5899,31.32,1.170403587,585201.7937,1112035.47,-0.005407318,117.19,-0.00871257,,,,,,,,
3/25/2011,17.93,1.306851312,130685.1312,329.82,1.226096654,122609.6654,43.66,0.918191377,275457.4132,31.6,1.180866966,590433.4828,1119185.693,0.006429851,117.07,-0.001023978,,,,,,,,
3/28/2011,17.62,1.28425656,128425.656,330.38,1.228178439,122817.8439,44.78,0.941745531,282523.6593,31.44,1.174887892,587443.9462,1121211.105,0.00180972,113.28,-0.032373793,,,,,,,,
3/29/2011,17.56,1.279883382,127988.3382,335.29,1.246431227,124643.1227,44.87,0.943638275,283091.4826,31.24,1.167414051,583707.0254,1119429.969,-0.001588583,114.05,0.006797316,,,,,,,,
3/30/2011,17.87,1.302478134,130247.8134,338.21,1.257286245,125728.6245,44.32,0.932071504,279621.4511,31.54,1.178624813,589312.4066,1124910.296,0.004895641,112.02,-0.017799211,,,,,,,,
3/31/2011,17.97,1.309766764,130976.6764,333.46,1.239628253,123962.8253,42.99,0.904100946,271230.2839,31.99,1.195440957,597720.4783,1123890.264,-0.000906767,109.98,-0.018211034,,,,,,,,
4/1/2011,18.13,1.321428571,132142.8571,344.84,1.281933086,128193.3086,42.99,0.904100946,271230.2839,32.23,1.204409567,602204.7833,1133771.233,0.008791756,107.63,-0.021367521,,,,,,,,
4/4/2011,17.96,1.309037901,130903.7901,346.75,1.289033457,128903.3457,43.08,0.905993691,271798.1073,32.31,1.207399103,603699.5516,1135304.795,0.00135262,110.78,0.029266933,,,,,,,,
4/5/2011,17.91,1.305393586,130539.3586,351.74,1.307583643,130758.3643,42.1,0.885383807,265615.142,32.2,1.20328849,601644.2451,1128557.11,-0.005943501,113.62,0.025636396,,,,,,,,
4/6/2011,17.68,1.288629738,128862.9738,365.23,1.357732342,135773.2342,42,0.883280757,264984.2271,31.7,1.184603886,592301.9432,1121922.378,-0.005878951,112.73,-0.007833128,,,,,,,,
4/7/2011,17.91,1.305393586,130539.3586,372.08,1.383197026,138319.7026,42,0.883280757,264984.2271,31.43,1.1745142,587257.1001,1121100.388,-0.000732662,115.08,0.02084627,,,,,,,,
4/8/2011,17.69,1.289358601,128935.8601,367.67,1.366802974,136680.2974,41.82,0.879495268,263848.5804,31.31,1.170029895,585014.9477,1114479.686,-0.00590554,113.8,-0.011122697,,,,,,,,
4/11/2011,17.32,1.262390671,126239.0671,371.16,1.379776952,137977.6952,41.58,0.87444795,262334.3849,31.04,1.159940209,579970.1046,1106521.252,-0.007140941,111.16,-0.023198594,,,,,,,,
4/12/2011,16.93,1.233965015,123396.5015,366.39,1.36204461,136204.461,43.36,0.911882229,273564.6688,30.8,1.150971599,575485.7997,1108651.431,0.001925114,110.49,-0.006027348,,,,,,,,
4/13/2011,17.27,1.258746356,125874.6356,362.43,1.34732342,134732.342,43.25,0.909568875,272870.6625,30.82,1.151718984,575859.4918,1109337.132,0.0006185,114.18,0.033396687,,,,,,,,
4/14/2011,18.23,1.328717201,132871.7201,363.32,1.35063197,135063.197,43.25,0.909568875,272870.6625,30.83,1.152092676,576046.3378,1116851.917,0.006774122,117.65,0.030390611,,,,,,,,
4/15/2011,18.25,1.330174927,133017.4927,360.36,1.339628253,133962.8253,41.62,0.875289169,262586.7508,31.12,1.162929746,581464.8729,1111031.942,-0.005211054,117.79,0.00118997,,,,,,,,
4/18/2011,18.17,1.324344023,132434.4023,356.58,1.325576208,132557.6208,43,0.904311251,271293.3754,30.72,1.147982063,573991.0314,1110276.43,-0.000680009,118.97,0.010017828,,,,,,,,
4/19/2011,18.45,1.344752187,134475.2187,364.69,1.355724907,135572.4907,43,0.904311251,271293.3754,30.78,1.150224215,575112.1076,1116453.192,0.005563265,118.27,-0.005883836,,,,,,,,
4/20/2011,19.01,1.385568513,138556.8513,362.95,1.349256506,134925.6506,41.38,0.870241851,261072.5552,31.83,1.189461883,594730.9417,1129285.999,0.011494263,116.27,-0.016910459,,,,,,,,
4/21/2011,19.25,1.403061224,140306.1224,357.19,1.327843866,132784.3866,42.35,0.89064143,267192.429,31.99,1.195440957,597720.4783,1138003.416,0.007719406,114.68,-0.013675067,,,,,,,,
4/25/2011,19.13,1.394314869,139431.4869,352.04,1.308698885,130869.8885,40.63,0.85446898,256340.694,32.14,1.201046338,600523.1689,1127165.238,-0.009523854,113.64,-0.009068713,,,,,,,,
4/26/2011,19.22,1.400874636,140087.4636,352.82,1.311598513,131159.8513,41,0.862250263,258675.0789,32.76,1.224215247,612107.6233,1142030.017,0.013187755,112.91,-0.006423794,,,,,,,,
4/27/2011,19.29,1.405976676,140597.6676,355.49,1.321524164,132152.4164,41.01,0.862460568,258738.1703,33.07,1.235799701,617899.8505,1149388.105,0.00644299,115.94,0.026835533,,,,,,,,
4/28/2011,19.24,1.402332362,140233.2362,355.99,1.3233829,132338.29,41,0.862250263,258675.0789,33.31,1.244768311,622384.1555,1153630.76,0.00369123,117.16,0.010522684,,,,,,,,
4/29/2011,19.36,1.411078717,141107.8717,349.7,1.3,130000,40.44,0.850473186,255141.9558,33.71,1.259715994,629857.997,1156107.825,0.00214719,113.95,-0.027398429,,,,,,,,
5/2/2011,19.24,1.402332362,140233.2362,354.18,1.316654275,131665.4275,40.37,0.849001052,254700.3155,33.62,1.256352765,628176.3827,1154775.362,-0.001152542,114.79,0.007371654,,,,,,,,
5/3/2011,18.7,1.362973761,136297.3761,352.01,1.308587361,130858.7361,41.81,0.879284963,263785.489,33.51,1.252242152,626121.0762,1157062.677,0.001980745,117.8,0.026221796,,,,,,,,
5/4/2011,18.27,1.331632653,133163.2653,345.4,1.28401487,128401.487,43.3,0.9106204,273186.1199,32.51,1.214872945,607436.4723,1142187.345,-0.012856117,119.04,0.010526316,,,,,,,,
5/5/2011,18.47,1.346209913,134620.9913,346.94,1.289739777,128973.9777,47.79,1.005047319,301514.1956,32.55,1.216367713,608183.8565,1173293.021,0.027233428,118.52,-0.00436828,,,,,,,,
5/6/2011,18.48,1.346938776,134693.8776,348.38,1.295092937,129509.2937,48.02,1.009884332,302965.2997,33.49,1.251494768,625747.3842,1192915.855,0.016724581,118.2,-0.002699966,,,,,,,,
5/9/2011,18.63,1.35787172,135787.172,355.9,1.323048327,132304.8327,45.7,0.961093586,288328.0757,33.92,1.267563528,633781.7638,1190201.844,-0.002275107,114.9,-0.027918782,,,,,,,,
5/10/2011,19,1.38483965,138483.965,360.69,1.340855019,134085.5019,44.88,0.94384858,283154.5741,34.17,1.27690583,638452.9148,1194176.956,0.003339863,113.26,-0.014273281,,,,,,,,
5/11/2011,18.37,1.338921283,133892.1283,354.69,1.318550186,131855.0186,48.03,1.010094637,303028.3912,33.59,1.255231689,627615.8445,1196391.383,0.001854354,115.01,0.015451174,,,,,,,,
5/12/2011,18.22,1.327988338,132798.8338,361.04,1.342156134,134215.6134,47.6,1.001051525,300315.4574,33.47,1.250747384,625373.6921,1192703.597,-0.003082424,113.41,-0.013911834,,,,,,,,
5/13/2011,18.19,1.325801749,132580.1749,356,1.323420074,132342.0074,47.64,1.001892744,300567.8233,33.36,1.246636771,623318.3857,1188808.391,-0.003265862,109.8,-0.031831408,,,,,,,,
5/16/2011,18.41,1.341836735,134183.6735,349.12,1.297843866,129784.3866,48.1,1.011566772,303470.0315,33.31,1.244768311,622384.1555,1189822.247,0.000852834,109.71,-0.000819672,,,,,,,,
5/17/2011,18.51,1.349125364,134912.5364,349.92,1.300817844,130081.7844,47.75,1.004206099,301261.8297,33.3,1.244394619,622197.3094,1188453.46,-0.001150413,111.53,0.01658919,,,,,,,,
5/18/2011,18.93,1.379737609,137973.7609,352.78,1.311449814,131144.9814,46.02,0.967823344,290347.0032,34.04,1.272047833,636023.9163,1195489.662,0.005920469,116.56,0.045099973,,,,,,,,
5/19/2011,19.06,1.389212828,138921.2828,352.85,1.311710037,131171.0037,46.85,0.985278654,295583.5962,34.05,1.272421525,636210.7623,1201886.645,0.005350931,116.48,-0.000686342,,,,,,,,
5/20/2011,19.35,1.410349854,141034.9854,348.26,1.29464684,129464.684,45.95,0.966351209,289905.3628,34.01,1.270926756,635463.3782,1195868.41,-0.005007323,117.48,0.008585165,,,,,,,,
5/23/2011,18.95,1.381195335,138119.5335,343.13,1.275576208,127557.6208,47.04,0.989274448,296782.3344,33.72,1.260089686,630044.843,1192504.332,-0.002813084,115.05,-0.020684372,,,,,,,,
5/24/2011,20.18,1.470845481,147084.5481,341.84,1.270780669,127078.0669,46.14,0.970347003,291104.1009,33.64,1.257100149,628550.0747,1193816.791,0.00110059,114.28,-0.006692742,,,,,,,,
5/25/2011,21.07,1.535714286,153571.4286,345,1.282527881,128252.7881,44.88,0.94384858,283154.5741,33.95,1.268684604,634342.3019,1199321.093,0.004610676,109.37,-0.042964648,,,,,,,,
5/26/2011,20.74,1.511661808,151166.1808,345.21,1.28330855,128330.855,45,0.94637224,283911.6719,33.73,1.260463378,630231.6891,1193640.397,-0.004736593,114.43,0.046264972,,,,,,,,
5/27/2011,20.87,1.521137026,152113.7026,344.26,1.279776952,127977.6952,44.18,0.929127234,278738.1703,33.74,1.26083707,630418.5351,1189248.103,-0.003679746,109.34,-0.044481342,,,,,,,,
5/31/2011,21.01,1.531341108,153134.1108,349,1.29739777,129739.777,43.41,0.912933754,273880.1262,34.27,1.28064275,640321.3752,1197075.389,0.00658171,116.96,0.069690873,,,,,,,,
6/1/2011,20.6,1.501457726,150145.7726,345.09,1.282862454,128286.2454,44.51,0.936067298,280820.1893,33.93,1.26793722,633968.6099,1193220.817,-0.003219991,117.13,0.001453488,,,,,,,,
6/2/2011,20.57,1.499271137,149927.1137,344.68,1.28133829,128133.829,43.75,0.920084122,276025.2366,33.74,1.26083707,630418.5351,1184504.714,-0.007304685,122.89,0.049176129,,,,,,,,
6/3/2011,20.37,1.484693878,148469.3878,342.24,1.272267658,127226.7658,43,0.904311251,271293.3754,33.6,1.255605381,627802.6906,1174792.22,-0.008199625,122.23,-0.005370657,,,,,,,,
6/6/2011,19.84,1.44606414,144606.414,339.62,1.262527881,126252.7881,44.54,0.936698212,281009.4637,32.97,1.23206278,616031.3901,1167900.056,-0.005866709,125.43,0.026180152,,,,,,,,
6/7/2011,19.86,1.447521866,144752.1866,343.83,1.278178439,127817.8439,44.25,0.930599369,279179.8107,33.22,1.241405082,620702.5411,1172452.382,0.003897873,125.97,0.00430519,,,,,,,,
6/8/2011,19.93,1.452623907,145262.3907,343.78,1.277992565,127799.2565,43.44,0.913564669,274069.4006,33.31,1.244768311,622384.1555,1169515.203,-0.002505158,126.83,0.006827022,,,,,,,,
6/9/2011,20.06,1.462099125,146209.9125,341.98,1.271301115,127130.1115,43.19,0.908307045,272492.1136,33.51,1.252242152,626121.0762,1171953.214,0.002084634,127.2,0.002917291,,,,,,,,
6/10/2011,19.75,1.439504373,143950.4373,338.23,1.257360595,125736.0595,43.94,0.924079916,277223.9748,33.28,1.243647235,621823.6173,1168734.089,-0.002746803,129.86,0.02091195,,,,,,,,
6/13/2011,19.29,1.405976676,140597.6676,340.97,1.267546468,126754.6468,45.05,0.947423764,284227.1293,33.18,1.239910314,619955.157,1171534.601,0.002396193,130.35,0.003773294,,,,,,,,
6/14/2011,19.58,1.427113703,142711.3703,346.55,1.288289963,128828.9963,44.73,0.940694006,282208.2019,33.59,1.255231689,627615.8445,1181364.413,0.008390544,131.08,0.005600307,,,,,,,,
6/15/2011,19.13,1.394314869,139431.4869,340.63,1.266282528,126628.2528,46.04,0.968243954,290473.1861,33.12,1.237668161,618834.0807,1175367.007,-0.005076678,130.99,-0.000686604,,,,,,,,
6/16/2011,19.1,1.39212828,139212.828,340.56,1.266022305,126602.2305,47.17,0.992008412,297602.5237,32.98,1.232436472,616218.2362,1179635.818,0.003631897,129.2,-0.013665165,,,,,,,,
6/17/2011,19.72,1.437317784,143731.7784,344.46,1.280520446,128052.0446,47.65,1.002103049,300630.9148,33.44,1.249626308,624813.154,1197227.892,0.01491314,129.28,0.000619195,,,,,,,,
6/20/2011,19.66,1.432944606,143294.4606,351.71,1.307472119,130747.2119,47.43,0.997476341,299242.9022,34.07,1.273168909,636584.4544,1209869.029,0.010558673,127.21,-0.016011757,,,,,,,,
6/21/2011,20.19,1.471574344,147157.4344,351.9,1.308178439,130817.8439,46.77,0.983596215,295078.8644,34.61,1.293348281,646674.1405,1219728.283,0.008149026,128.27,0.008332678,,,,,,,,
6/22/2011,20.06,1.462099125,146209.9125,352.52,1.310483271,131048.3271,47.5,0.998948475,299684.5426,34.7,1.29671151,648355.7549,1225298.537,0.004566799,127.53,-0.005769081,,,,,,,,
6/23/2011,19.77,1.440962099,144096.2099,353.47,1.31401487,131401.487,48.87,1.027760252,308328.0757,34.86,1.302690583,651345.2915,1235171.064,0.008057242,128.41,0.006900337,,,,,,,,
6/24/2011,19.44,1.416909621,141690.9621,347.4,1.291449814,129144.9814,49.83,1.047949527,314384.858,35.32,1.319880419,659940.2093,1245161.011,0.008087905,127.98,-0.003348649,,,,,,,,
6/27/2011,19.68,1.434402332,143440.2332,356.63,1.325762082,132576.2082,49.97,1.050893796,315268.1388,35.42,1.323617339,661808.6697,1253093.25,0.006370452,128.54,0.004375684,,,,,,,,
6/28/2011,19.87,1.448250729,144825.0729,365.75,1.359665428,135966.5428,48.4,1.01787592,305362.776,35.28,1.31838565,659192.8251,1245347.217,-0.00618153,130.91,0.01843784,,,,,,,,
6/29/2011,20.04,1.460641399,146064.1399,368.4,1.369516729,136951.6729,47.25,0.993690852,298107.2555,35.61,1.330717489,665358.7444,1246481.813,0.000911068,131.84,0.007104117,,,,,,,,
6/30/2011,20.17,1.470116618,147011.6618,372.11,1.38330855,138330.855,48.67,1.023554154,307066.2461,35.67,1.332959641,666479.8206,1258888.584,0.009953431,130.49,-0.010239684,,,,,,,,
7/1/2011,20.4,1.486880466,148688.0466,378.65,1.407620818,140762.0818,48.55,1.021030494,306309.1483,36.32,1.357249626,678624.8132,1274384.09,0.012308878,130.33,-0.001226148,,,,,,,,
7/5/2011,20.45,1.490524781,149052.4781,381.37,1.417732342,141773.2342,47.1,0.990536278,297160.8833,36.26,1.355007474,677503.7369,1265490.333,-0.006978867,130.44,0.000844011,,,,,,,,
7/6/2011,20.37,1.484693878,148469.3878,380.87,1.415873606,141587.3606,47.4,0.996845426,299053.6278,36.41,1.360612855,680306.4275,1269416.804,0.003102727,128.54,-0.014566084,,,,,,,,
7/7/2011,20.56,1.498542274,149854.2274,368.25,1.368959108,136895.9108,46,0.967402734,290220.8202,36.33,1.357623318,678811.6592,1255782.618,-0.010740512,127.32,-0.009491209,,,,,,,,
7/8/2011,20.18,1.470845481,147084.5481,368.7,1.37063197,137063.197,46.09,0.969295478,290788.6435,36.27,1.355381166,677690.583,1252626.972,-0.002512892,126.24,-0.008482564,,,,,,,,
7/11/2011,19.72,1.437317784,143731.7784,361.83,1.345092937,134509.2937,46.93,0.986961094,296088.3281,35.69,1.333707025,666853.5127,1241182.913,-0.009136047,124.61,-0.012911914,,,,,,,,
7/12/2011,19.44,1.416909621,141690.9621,357.08,1.327434944,132743.4944,45.51,0.957097792,287129.3375,35.61,1.330717489,665358.7444,1226922.538,-0.011489342,123.51,-0.008827542,,,,,,,,
7/13/2011,19.54,1.424198251,142419.8251,359.4,1.33605948,133605.948,43.92,0.923659306,277097.7918,35.56,1.328849028,664424.5142,1217548.079,-0.007640629,124.96,0.01173994,,,,,,,,
7/14/2011,19.3,1.406705539,140670.5539,355.96,1.323271375,132327.1375,44.46,0.935015773,280504.7319,35.49,1.326233184,663116.5919,1216619.015,-0.000763061,125.32,0.002880922,,,,,,,,
7/15/2011,20.1,1.465014577,146501.4577,358.79,1.333791822,133379.1822,43.79,0.920925342,276277.6025,35.86,1.340059791,670029.8954,1226188.138,0.00786534,126.08,0.006064475,,,,,,,,
7/18/2011,20.09,1.464285714,146428.5714,362.28,1.346765799,134676.5799,44.14,0.928286015,278485.8044,35.64,1.331838565,665919.2825,1225510.238,-0.000552851,124.38,-0.013483503,,,,,,,,
7/19/2011,20.2,1.472303207,147230.3207,374.9,1.393680297,139368.0297,43.71,0.919242902,275772.8707,36.07,1.347907324,673953.6622,1236324.883,0.008824606,123.75,-0.005065123,,,,,,,,
7/20/2011,20.05,1.461370262,146137.0262,397.47,1.477583643,147758.3643,43.82,0.921556257,276466.877,35.92,1.342301943,671150.9716,1241513.239,0.004196596,123.38,-0.002989899,,,,,,,,
7/21/2011,20.84,1.518950437,151895.0437,413.73,1.53802974,153802.974,44.73,0.940694006,282208.2019,36.61,1.368086697,684043.3483,1271949.568,0.024515509,123.11,-0.002188361,,,,,,,,
7/22/2011,20.69,1.508017493,150801.7493,405.1,1.505947955,150594.7955,43.61,0.917139853,275141.9558,36.46,1.362481315,681240.6577,1257779.158,-0.011140701,125.34,0.018113882,,,,,,,,
7/25/2011,20.61,1.502186589,150218.6589,400.99,1.490669145,149066.9145,43.9,0.923238696,276971.6088,36.24,1.35426009,677130.0448,1253387.227,-0.003491814,123.77,-0.012525929,,,,,,,,
7/26/2011,20.77,1.513848397,151384.8397,399.07,1.483531599,148353.1599,43.41,0.912933754,273880.1262,35.99,1.344917788,672458.8939,1246077.02,-0.005832362,123.67,-0.00080795,,,,,,,,
7/27/2011,20.89,1.522594752,152259.4752,393.58,1.463122677,146312.2677,43.77,0.920504732,276151.4196,35.59,1.329970105,664985.0523,1239708.215,-0.005111084,125.41,0.014069702,,,,,,,,
7/28/2011,20.68,1.50728863,150728.863,389.86,1.44929368,144929.368,44.19,0.929337539,278801.2618,35.44,1.324364723,662182.3617,1236641.855,-0.002473453,124.46,-0.007575153,,,,,,,,
7/29/2011,20.52,1.495626822,149562.6822,400.55,1.489033457,148903.3457,44.82,0.942586751,282776.0252,35.35,1.321001495,660500.7474,1241742.801,0.004124837,124.99,0.004258396,,,,,,,,
8/1/2011,20.51,1.494897959,149489.7959,394.12,1.465130112,146513.0112,45.08,0.948054679,284416.4038,35.33,1.320254111,660127.0553,1240546.266,-0.000963593,125.06,0.000560045,,,,,,,,
8/2/2011,19.56,1.425655977,142565.5977,382.78,1.422973978,142297.3978,44.44,0.934595163,280378.5489,34.73,1.297832586,648916.293,1214157.837,-0.02127162,126.4,0.010714857,,,,,,,,
8/3/2011,19.47,1.41909621,141909.621,379.38,1.410334572,141033.4572,45.5,0.956887487,287066.2461,33.58,1.254857997,627428.9985,1197438.323,-0.013770462,127.67,0.010047468,,,,,,,,
8/4/2011,17.69,1.289358601,128935.8601,358.84,1.333977695,133397.7695,48.21,1.013880126,304164.0379,31.31,1.170029895,585014.9477,1151512.615,-0.038353297,127.81,0.001096577,,,,,,,,
8/5/2011,17.91,1.305393586,130539.3586,358.57,1.332973978,133297.3978,48.55,1.021030494,306309.1483,30.94,1.156203288,578101.6442,1148247.549,-0.002835459,130.74,0.022924654,,,,,,,,
8/8/2011,16.91,1.232507289,123250.7289,331.77,1.233345725,123334.5725,50.78,1.067928496,320378.5489,28.81,1.076606876,538303.438,1105267.288,-0.03743118,129.4,-0.01024935,,,,,,,,
8/9/2011,18.22,1.327988338,132798.8338,342.57,1.273494424,127349.4424,50.06,1.05278654,315835.9621,30.85,1.15284006,576420.0299,1152404.268,0.042647584,128.9,-0.003863988,,,,,,,,
8/10/2011,17.55,1.279154519,127915.4519,328,1.219330855,121933.0855,49.75,1.046267087,313880.1262,30.24,1.130044843,565022.4215,1128751.085,-0.020525074,128.31,-0.004577192,,,,,,,,
8/11/2011,18.73,1.36516035,136516.035,342.01,1.271412639,127141.2639,47.37,0.996214511,298864.3533,32.1,1.19955157,599775.7848,1162297.437,0.029719885,127.88,-0.003351259,,,,,,,,
8/12/2011,18.46,1.34548105,134548.105,346.83,1.289330855,128933.0855,48.25,1.014721346,304416.4038,32.21,1.203662182,601831.0912,1169728.685,0.006393586,127.99,0.000860181,,,,,,,,
8/15/2011,19.01,1.385568513,138556.8513,351.09,1.305167286,130516.7286,47.67,1.002523659,300757.0978,33.12,1.237668161,618834.0807,1188664.758,0.016188432,129.49,0.011719666,,,,,,,,
8/16/2011,19.06,1.389212828,138921.2828,349,1.29739777,129739.777,46.94,0.987171399,296151.4196,33.11,1.237294469,618647.2347,1183459.714,-0.0043789,130.53,0.008031508,,,,,,,,
8/17/2011,19.38,1.412536443,141253.6443,347.51,1.291858736,129185.8736,46.48,0.977497371,293249.2114,33.22,1.241405082,620702.5411,1184391.27,0.000787147,130.22,-0.002374933,,,,,,,,
8/18/2011,17.73,1.292274052,129227.4052,334.35,1.242936803,124293.6803,48.19,1.013459516,304037.8549,32.36,1.209267564,604633.7818,1162192.722,-0.01874258,129.07,-0.008831209,,,,,,,,
8/19/2011,17.33,1.263119534,126311.9534,329.49,1.224869888,122486.9888,46.71,0.982334385,294700.3155,31.94,1.193572496,596786.2481,1140285.506,-0.0188499,129.09,0.000154955,,,,,,,,
8/22/2011,17.03,1.241253644,124125.3644,321.45,1.194981413,119498.1413,46.78,0.983806519,295141.9558,31.74,1.186098655,593049.3274,1131814.789,-0.007428593,129.91,0.006352157,,,,,,,,
8/23/2011,17.85,1.301020408,130102.0408,339.97,1.263828996,126382.8996,45.56,0.958149317,287444.795,32.69,1.221599402,610799.701,1154729.436,0.020245934,130.92,0.007774613,,,,,,,,
8/24/2011,17.98,1.310495627,131049.5627,349.72,1.300074349,130007.4349,46.61,0.980231335,294069.4006,33.2,1.240657698,620328.849,1175455.247,0.01794863,130.3,-0.004735716,,,,,,,,
8/25/2011,17.63,1.284985423,128498.5423,346.87,1.289479554,128947.9554,46.63,0.980651945,294195.5836,32.72,1.222720478,611360.2392,1163002.32,-0.010594131,131.68,0.010590944,,,,,,,,
8/26/2011,18.17,1.324344023,132434.4023,356.93,1.326877323,132687.7323,45.27,0.952050473,285615.142,33.41,1.248505232,624252.6158,1174989.892,0.010307436,130.57,-0.008429526,,,,,,,,
8/29/2011,18.89,1.376822157,137682.2157,375.86,1.397249071,139724.9071,45.17,0.949947424,284984.2271,34.44,1.286995516,643497.7578,1205889.108,0.026297431,130.07,-0.003829364,,,,,,,,
8/30/2011,18.97,1.382653061,138265.3061,378.55,1.407249071,140724.9071,44.44,0.934595163,280378.5489,34.47,1.288116592,644058.296,1203427.058,-0.002041688,129.49,-0.004459137,,,,,,,,
8/31/2011,19.13,1.394314869,139431.4869,381.35,1.417657993,141765.7993,43.58,0.916508938,274952.6814,34.43,1.286621824,643310.9118,1199460.879,-0.003295737,130.68,0.009189899,,,,,,,,
9/1/2011,19.1,1.39212828,139212.828,379.43,1.410520446,141052.0446,44.58,0.937539432,281261.8297,34.46,1.2877429,643871.4499,1205398.152,0.004949951,131.55,0.006657484,,,,,,,,
9/2/2011,18.62,1.357142857,135714.2857,370.63,1.377806691,137780.6691,44.75,0.941114616,282334.3849,33.29,1.244020927,622010.4634,1177839.803,-0.022862445,132.02,0.003572786,,,,,,,,
9/6/2011,18.54,1.351311953,135131.1953,376.81,1.400780669,140078.0669,45.75,0.96214511,288643.5331,32.8,1.225710015,612855.0075,1176707.803,-0.000961082,132.23,0.001590668,,,,,,,,
9/7/2011,19.07,1.389941691,138994.1691,389,1.446096654,144609.6654,44.65,0.939011567,281703.47,33.68,1.258594918,629297.4589,1194604.763,0.01520935,131.92,-0.0023444,,,,,,,,
9/8/2011,18.68,1.361516035,136151.6035,380.85,1.415799257,141579.9257,44.44,0.934595163,280378.5489,33.21,1.24103139,620515.6951,1178625.773,-0.013375964,131.49,-0.003259551,,,,,,,,
9/9/2011,18.23,1.328717201,132871.7201,369.22,1.372565056,137256.5056,45.86,0.964458465,289337.5394,32.27,1.205904335,602952.1674,1162417.933,-0.013751473,130.64,-0.00646437,,,,,,,,
9/12/2011,18.56,1.352769679,135276.9679,371.81,1.382193309,138219.3309,46.27,0.973080967,291924.2902,31.99,1.195440957,597720.4783,1163141.067,0.000622095,129.52,-0.008573178,,,,,,,,
9/13/2011,18.9,1.37755102,137755.102,379.39,1.410371747,141037.1747,45.71,0.961303891,288391.1672,32.54,1.215994021,607997.0105,1175180.454,0.010350754,129.66,0.001080914,,,,,,,,
9/14/2011,19.34,1.409620991,140962.0991,386,1.434944238,143494.4238,46.26,0.972870662,291861.1987,32.84,1.227204783,613602.3916,1189920.113,0.012542464,129,-0.005090236,,,,,,,,
9/15/2011,19.64,1.43148688,143148.688,395.07,1.46866171,146866.171,46.77,0.983596215,295078.8644,33.15,1.238789238,619394.6188,1204488.342,0.012243031,127.26,-0.013488372,,,,,,,,
9/16/2011,19.27,1.40451895,140451.895,390.54,1.451821561,145182.1561,47.6,1.001051525,300315.4574,33.16,1.23916293,619581.4649,1205530.973,0.000865622,126.54,-0.005657709,,,,,,,,
9/19/2011,19.25,1.403061224,140306.1224,393.55,1.463011152,146301.1152,49.36,1.038065195,311419.5584,33,1.233183857,616591.9283,1214618.724,0.00753838,127.97,0.011300774,,,,,,,,
9/20/2011,19.19,1.398688047,139868.8047,388.69,1.444944238,144494.4238,49.14,1.033438486,310031.5457,33.06,1.235426009,617713.0045,1212107.779,-0.002067271,127.51,-0.003594592,,,,,,,,
9/21/2011,18.41,1.341836735,134183.6735,380.29,1.413717472,141371.7472,49.96,1.050683491,315205.0473,32.25,1.205156951,602578.4753,1193338.943,-0.015484461,127.41,-0.000784252,,,,,,,,
9/22/2011,17.28,1.259475219,125947.5219,368.56,1.370111524,137011.1524,54.02,1.136067298,340820.1893,31.26,1.168161435,584080.7175,1187859.581,-0.004591623,127.42,7.84868E-05,,,,,,,,
9/23/2011,17.16,1.250728863,125072.8863,375.01,1.394089219,139408.9219,56.52,1.188643533,356593.0599,31.26,1.168161435,584080.7175,1205155.586,0.014560647,128.38,0.007534139,,,,,,,,
9/26/2011,17.65,1.286443149,128644.3149,376.76,1.400594796,140059.4796,55.75,1.172450053,351735.0158,31.81,1.188714499,594357.2496,1214796.06,0.007999361,128.77,0.003037856,,,,,,,,
9/27/2011,18.05,1.315597668,131559.7668,388.09,1.442713755,144271.3755,54.09,1.137539432,341261.8297,32.81,1.226083707,613041.8535,1230134.825,0.012626618,129.21,0.003416945,,,,,,,,
9/28/2011,17.69,1.289358601,128935.8601,377.74,1.404237918,140423.7918,57.28,1.204626709,361388.0126,32.42,1.211509716,605754.858,1236502.522,0.005176422,129.54,0.002553982,,,,,,,,
9/29/2011,17.71,1.290816327,129081.6327,373.22,1.387434944,138743.4944,55.73,1.172029443,351608.8328,32.87,1.228325859,614162.9297,1233596.89,-0.00234988,129.14,-0.003087849,,,,,,,,
9/30/2011,17.47,1.273323615,127332.3615,364.28,1.354200743,135420.0743,59.3,1.247108307,374132.4921,32.07,1.198430493,599215.2466,1236100.175,0.002029257,129.15,7.74353E-05,,,,,,,,
10/3/2011,17.12,1.247813411,124781.3411,348.76,1.296505576,129650.5576,59.19,1.244794953,373438.4858,31.35,1.171524664,585762.3318,1213632.716,-0.018176082,129.05,-0.000774293,,,,,,,,
10/4/2011,17.54,1.278425656,127842.5656,364.03,1.353271375,135327.1375,60.57,1.273817035,382145.1104,31.19,1.16554559,582772.7952,1228087.609,0.011910434,128.51,-0.004184425,,,,,,,,
10/5/2011,17.91,1.305393586,130539.3586,367,1.364312268,136431.2268,58.69,1.234279706,370283.9117,31.97,1.194693572,597346.7862,1234601.283,0.005303917,128.68,0.001322854,,,,,,,,
10/6/2011,18.39,1.340379009,134037.9009,372.9,1.386245353,138624.5353,56.43,1.186750789,356025.2366,32.77,1.224588939,612294.4694,1240982.142,0.005168356,127.8,-0.00683867,,,,,,,,
10/7/2011,18.35,1.337463557,133746.3557,364.45,1.354832714,135483.2714,57.02,1.19915878,359747.6341,32.99,1.232810164,616405.0822,1245382.343,0.003545741,126.94,-0.006729264,,,,,,,,
10/10/2011,19.11,1.392857143,139285.7143,379.37,1.410297398,141029.7398,55.2,1.160883281,348264.9842,34.63,1.294095665,647047.8326,1275628.271,0.024286459,127.25,0.002442099,,,,,,,,
10/11/2011,19.01,1.385568513,138556.8513,385.35,1.432527881,143252.7881,53.78,1.131019979,339305.9937,34.27,1.28064275,640321.3752,1261437.008,-0.01112492,126.87,-0.002986248,,,,,,,,
10/12/2011,18.98,1.383381924,138338.1924,382.16,1.420669145,142066.9145,54.05,1.136698212,341009.4637,34.2,1.278026906,639013.4529,1260428.024,-0.000799869,125.67,-0.009458501,,,,,,,,
10/13/2011,19.14,1.395043732,139504.3732,387.25,1.439591078,143959.1078,54.43,1.1446898,343406.9401,34.09,1.273916293,636958.1465,1263828.568,0.002697928,125.31,-0.002864646,,,,,,,,
10/14/2011,19.58,1.427113703,142711.3703,393.38,1.462379182,146237.9182,52.41,1.102208202,330662.4606,34.32,1.282511211,641255.6054,1260867.354,-0.00234305,125.74,0.00343149,,,,,,,,
10/17/2011,24.43,1.780612245,178061.2245,388.03,1.442490706,144249.0706,53.56,1.12639327,337917.9811,34.49,1.288863976,644431.988,1304660.264,0.034732369,123.82,-0.015269604,,,,,,,,
10/18/2011,24.64,1.795918367,179591.8367,382.76,1.422899628,142289.9628,52.93,1.113144059,333943.2177,35.09,1.311285501,655642.7504,1311467.768,0.005217836,123.38,-0.003553545,,,,,,,,
10/19/2011,24.35,1.774781341,177478.1341,417.62,1.552490706,155249.0706,54.79,1.152260778,345678.2334,34.9,1.304185351,652092.6756,1330498.114,0.014510724,121.76,-0.013130167,,,,,,,,
10/20/2011,24.65,1.79664723,179664.723,418.41,1.555427509,155542.7509,55.89,1.175394322,352618.2965,35.13,1.312780269,656390.1345,1344215.905,0.010310267,124.06,0.018889619,,,,,,,,
10/21/2011,24.97,1.819970845,181997.0845,415.63,1.545092937,154509.2937,54.38,1.143638275,343091.4826,35.78,1.337070254,668535.1271,1348132.988,0.002914028,125.5,0.011607287,,,,,,,,
10/24/2011,25.33,1.846209913,184620.9913,422.39,1.570223048,157022.3048,52.38,1.101577287,330473.1861,36.3,1.356502242,678251.1211,1350367.603,0.001657563,126.26,0.006055777,,,,,,,,
10/25/2011,25.53,1.860787172,186078.7172,419.37,1.558996283,155899.6283,52,1.093585699,328075.7098,35.85,1.339686099,669843.0493,1339897.105,-0.007753814,125.39,-0.006890543,,,,,,,,
10/26/2011,25.48,1.857142857,185714.2857,420.54,1.563345725,156334.5725,52.86,1.111671924,333501.5773,36.19,1.352391629,676195.8146,1351746.25,0.008843325,127.76,0.018901029,,,,,,,,
10/27/2011,25.59,1.86516035,186516.035,435.31,1.618252788,161825.2788,50.41,1.060147213,318044.164,37.28,1.393124066,696562.0329,1362947.511,0.008286511,127.94,0.001408892,,,,,,,,
10/28/2011,25.42,1.852769679,185276.9679,436.53,1.622788104,162278.8104,50.41,1.060147213,318044.164,37.25,1.39200299,696001.4948,1361601.437,-0.00098762,126.83,-0.008675942,,,,,,,,
10/31/2011,24.99,1.821428571,182142.8571,433.86,1.612862454,161286.2454,51.48,1.082649842,324794.9527,36.94,1.380418535,690209.2676,1358433.323,-0.002326756,127.83,0.00788457,,,,,,,,
11/1/2011,24.6,1.793002915,179300.2915,426.17,1.584275093,158427.5093,53.12,1.117139853,335141.9558,35.82,1.338565022,669282.5112,1342152.268,-0.01198517,128.8,0.007588203,,,,,,,,
11/2/2011,24.79,1.806851312,180685.1312,427.1,1.587732342,158773.2342,52.75,1.10935857,332807.571,36.74,1.372944694,686472.3468,1358738.283,0.012357775,126.62,-0.016925466,,,,,,,,
11/3/2011,24.86,1.811953353,181195.3353,437.35,1.625836431,162583.6431,50.7,1.066246057,319873.817,37.69,1.408445441,704222.7205,1367875.516,0.006724792,126.35,-0.002132365,,,,,,,,
11/4/2011,24.94,1.817784257,181778.4257,432.23,1.606802974,160680.2974,51.44,1.081808623,324542.5868,37.94,1.417787743,708893.8714,1375895.181,0.005862862,128.49,0.01693708,,,,,,,,
11/7/2011,24.87,1.812682216,181268.2216,432.37,1.60732342,160732.342,51.5,1.083070452,324921.1356,37.93,1.417414051,708707.0254,1375628.725,-0.000193661,127.7,-0.006148338,,,,,,,,
11/8/2011,25.1,1.829446064,182944.6064,441.19,1.640111524,164011.1524,49.99,1.051314406,315394.3218,38.15,1.425635277,712817.6383,1375167.719,-0.000335124,126.35,-0.010571652,,,,,,,,
11/9/2011,24.53,1.787900875,178790.0875,429.28,1.595836431,159583.6431,51.93,1.092113565,327634.0694,36.9,1.378923767,689461.8834,1355469.683,-0.014324097,126.43,0.000633162,,,,,,,,
11/10/2011,24.71,1.801020408,180102.0408,429.54,1.596802974,159680.2974,51.75,1.088328076,326498.4227,37.75,1.410687593,705343.7967,1371624.558,0.011918285,127.22,0.006248517,,,,,,,,
11/11/2011,24.77,1.805393586,180539.3586,439.99,1.635650558,163565.0558,51.13,1.075289169,322586.7508,38.51,1.439088191,719544.0957,1386235.261,0.010652115,129.82,0.020437038,,,,,,,,
11/14/2011,24.76,1.804664723,180466.4723,440.48,1.637472119,163747.2119,51.8,1.0893796,326813.8801,38.27,1.430119581,715059.7907,1386087.355,-0.000106696,129.55,-0.002079803,,,,,,,,
11/15/2011,24.83,1.809766764,180976.6764,448.77,1.668289963,166828.9963,51.11,1.074868559,322460.5678,38.93,1.454783259,727391.6293,1397657.87,0.008347609,129.17,-0.00293323,,,,,,,,
11/16/2011,24.69,1.799562682,179956.2682,438.46,1.629962825,162996.2825,51.16,1.075920084,322776.0252,38.88,1.452914798,726457.3991,1392185.975,-0.003915046,128.35,-0.006348223,,,,,,,,
11/17/2011,24.89,1.814139942,181413.9942,428.89,1.594386617,159438.6617,53,1.114616193,334384.858,38.91,1.454035874,727017.9372,1402255.451,0.007232853,128.76,0.00319439,,,,,,,,
11/18/2011,24.78,1.806122449,180612.2449,423.06,1.572713755,157271.3755,54.19,1.139642482,341892.7445,38.98,1.456651719,728325.8595,1408102.224,0.004169549,128.45,-0.00240758,,,,,,,,
11/21/2011,24.81,1.808309038,180830.9038,420.82,1.564386617,156438.6617,55.58,1.168874869,350662.4606,38.46,1.437219731,718609.8655,1406541.892,-0.00110811,127.69,-0.005916699,,,,,,,,
11/22/2011,24.88,1.813411079,181341.1079,418.68,1.556431227,155643.1227,54.71,1.150578339,345173.5016,38.56,1.440956652,720478.3259,1402636.058,-0.002776905,127.64,-0.000391573,,,,,,,,
11/23/2011,24.52,1.787172012,178717.2012,416.93,1.549925651,154992.5651,56.21,1.18212408,354637.224,37.87,1.415171898,707585.9492,1395932.939,-0.004778944,127.93,0.002272015,,,,,,,,
11/25/2011,24.82,1.809037901,180903.7901,413.26,1.536282528,153628.2528,56.04,1.178548896,353564.6688,38.03,1.421150972,710575.4858,1398672.197,0.001962314,127.35,-0.004533729,,,,,,,,
11/28/2011,24.97,1.819970845,181997.0845,424.96,1.579776952,157977.6952,55.76,1.172660358,351798.1073,39.03,1.458520179,729260.0897,1421032.977,0.015987148,126.56,-0.006203377,,,,,,,,
11/29/2011,25.19,1.836005831,183600.5831,422.62,1.571078067,157107.8067,54.12,1.138170347,341451.1041,39.42,1.47309417,736547.0852,1418706.579,-0.001637117,126.2,-0.002844501,,,,,,,,
11/30/2011,25,1.822157434,182215.7434,434.21,1.614163569,161416.3569,52.77,1.10977918,332933.7539,40.69,1.520553064,760276.5321,1436842.386,0.012783339,125.92,-0.0022187,,,,,,,,
12/1/2011,25.03,1.824344023,182434.4023,435.59,1.61929368,161929.368,53.12,1.117139853,335141.9558,40.7,1.520926756,760463.3782,1439969.104,0.002176104,126.16,0.001905972,,,,,,,,
12/2/2011,25.28,1.842565598,184256.5598,433.85,1.612825279,161282.5279,52.77,1.10977918,332933.7539,40.67,1.51980568,759902.8401,1438375.682,-0.001106567,124.18,-0.015694356,,,,,,,,
12/5/2011,25.29,1.843294461,184329.4461,436.43,1.622416357,162241.6357,52.61,1.106414301,331924.2902,41.05,1.534005979,767002.9895,1445498.362,0.004951891,123.25,-0.007489129,,,,,,,,
12/6/2011,25.12,1.83090379,183090.379,439.95,1.635501859,163550.1859,53.59,1.127024185,338107.2555,40.68,1.520179372,760089.6861,1444837.507,-0.000457181,125.44,0.017768763,,,,,,,,
12/7/2011,25.01,1.822886297,182288.6297,439.88,1.635241636,163524.1636,54.33,1.142586751,342776.0252,40.59,1.516816143,758408.0717,1446996.89,0.001494551,125.13,-0.002471301,,,,,,,,
12/8/2011,24.79,1.806851312,180685.1312,430,1.598513011,159851.3011,55.53,1.167823344,350347.0032,39.65,1.481689088,740844.5441,1431727.98,-0.010552138,124.65,-0.003836011,,,,,,,,
12/9/2011,24.86,1.811953353,181195.3353,440.4,1.637174721,163717.4721,56.33,1.184647739,355394.3218,40.86,1.52690583,763452.9148,1463760.044,0.02237301,124.58,-0.000561572,,,,,,,,
12/12/2011,24.7,1.800291545,180029.1545,433.71,1.612304833,161230.4833,56.81,1.194742376,358422.7129,40.29,1.505605381,752802.6906,1452485.041,-0.007702767,123.88,-0.005618879,,,,,,,,
12/13/2011,24.85,1.81122449,181122.449,434.39,1.614832714,161483.2714,55.62,1.169716088,350914.8265,40.3,1.505979073,752989.5366,1446510.083,-0.004113611,123.6,-0.002260252,,,,,,,,
12/14/2011,24.86,1.811953353,181195.3353,423.52,1.574423792,157442.3792,61,1.282860147,384858.0442,39.69,1.483183857,741591.9283,1465087.687,0.012843051,123.76,0.001294498,,,,,,,,
12/15/2011,24.72,1.801749271,180174.9271,428.35,1.592379182,159237.9182,60.75,1.277602524,383280.7571,40.35,1.507847534,753923.7668,1476617.369,0.007869619,124.99,0.009938591,,,,,,,,
12/16/2011,24.97,1.819970845,181997.0845,432.12,1.606394052,160639.4052,60.39,1.270031546,381009.4637,40.15,1.500373692,750186.846,1473832.8,-0.001885776,124.77,-0.001760141,,,,,,,,
12/19/2011,25.12,1.83090379,183090.379,432.19,1.606654275,160665.4275,59.86,1.258885384,377665.6151,40.39,1.509342302,754671.151,1476092.573,0.001533263,123.88,-0.007133125,,,,,,,,
12/20/2011,25.54,1.861516035,186151.6035,443.58,1.648996283,164899.6283,57.71,1.213669821,364100.9464,41.38,1.546337818,773168.9088,1488321.087,0.008284382,124.08,0.001614466,,,,,,,,
12/21/2011,25.78,1.879008746,187900.8746,440.73,1.638401487,163840.1487,57.5,1.209253417,362776.0252,41.87,1.564648729,782324.3647,1496841.413,0.00572479,122.97,-0.008945841,,,,,,,,
12/22/2011,25.88,1.886297376,188629.7376,447.86,1.664907063,166490.7063,56.58,1.189905363,356971.6088,41.87,1.564648729,782324.3647,1494416.417,-0.001620075,122.54,-0.003496788,,,,,,,,
12/23/2011,26.19,1.908892128,190889.2128,457.66,1.70133829,170133.829,56.15,1.18086225,354258.6751,42.32,1.581464873,790732.4365,1506014.153,0.007760712,122.69,0.00122409,,,,,,,,
12/27/2011,26.36,1.921282799,192128.2799,463.47,1.722936803,172293.6803,55.71,1.171608833,351482.6498,42.42,1.585201794,792600.8969,1508505.507,0.00165427,122.93,0.00195615,,,,,,,,
12/28/2011,26.24,1.912536443,191253.6443,457.7,1.701486989,170148.6989,57.34,1.205888538,361766.5615,42.03,1.570627803,785313.9013,1508482.806,-1.50E-05,123.17,0.001952331,,,,,,,,
12/29/2011,26.44,1.927113703,192711.3703,466.03,1.732453532,173245.3532,57.56,1.210515247,363154.5741,42.42,1.585201794,792600.8969,1521712.194,0.008769996,122.54,-0.005114882,,,,,,,,
12/30/2011,26.56,1.935860058,193586.0058,463.01,1.721226766,172122.6766,56.19,1.18170347,354511.041,42.42,1.585201794,792600.8969,1512820.62,-0.005843138,122.6,0.000489636,,,,,,,,
